[CoreBusinessMetrics] System persistent data directory not found: 
[CoreBusinessMetrics] Unable to configure cache. Connection string was invalid or not specified.
[Licensing::Module] Trying to connect to existing licensing client channel...
Built from '6000.3/staging' branch; Version is '6000.3.20f1 (c9ba695d4f07) revision 13220457'; Using compiler version '194234433'; Build Type 'Release'
[Licensing::IpcConnector] Channel LicenseClient-Pablo doesn't exist
OS: 'Windows 10  (10.0.19045) 64bit Professional' Language: 'es' Physical Memory: 32717 MB
BatchMode: 1, IsHumanControllingUs: 0, StartBugReporterOnCrash: 0, Is64bit: 1
System  architecture: x64
Process architecture: x64
Date: 2026-09-09T03:14:09Z
Assertion failed on expression: 'SUCCEEDED(hr)'
Assertion failed on expression: 'SUCCEEDED(hr)'
Assertion failed on expression: 'ERROR_SUCCESS == status'
[Licensing::Module] Successfully launched the LicensingClient (PId: 2308)

COMMAND LINE ARGUMENTS:
C:\Program Files\Unity\Hub\Editor\6000.3.20f1\Editor\Unity.exe
-batchmode
-projectPath
C:/UnityProyectosNOborrar/GDD - Untitled
-executeMethod
ValidacionCampoVivo.Inspeccionar
-quit
-logFile
C:/UnityProyectosNOborrar/GDD - Untitled/output/campo-vivo/inspeccion-unity.log
Successfully changed project path to: C:/UnityProyectosNOborrar/GDD - Untitled
C:/UnityProyectosNOborrar/GDD - Untitled
[UnityMemory] Configuration Parameters - Can be set up in boot.config
    "memorysetup-temp-allocator-size-nav-mesh-worker=65536"
    "memorysetup-temp-allocator-size-audio-worker=65536"
    "memorysetup-temp-allocator-size-gfx=262144"
    "memorysetup-allocator-temp-initial-block-size-main=262144"
    "memorysetup-allocator-temp-initial-block-size-worker=262144"
    "memorysetup-temp-allocator-size-background-worker=32768"
    "memorysetup-temp-allocator-size-job-worker=262144"
    "memorysetup-temp-allocator-size-preload-manager=33554432"
    "memorysetup-temp-allocator-size-gi-baking-worker=262144"
    "memorysetup-temp-allocator-size-gi-baking-worker=262144"
    "memorysetup-temp-allocator-size-gi-baking-worker=262144"
    "memorysetup-temp-allocator-size-gi-baking-worker=262144"
    "memorysetup-temp-allocator-size-gi-baking-worker=262144"
    "memorysetup-bucket-allocator-granularity=16"
    "memorysetup-bucket-allocator-bucket-count=8"
    "memorysetup-bucket-allocator-block-size=33554432"
    "memorysetup-bucket-allocator-block-count=8"
    "memorysetup-main-allocator-block-size=16777216"
    "memorysetup-thread-allocator-block-size=16777216"
    "memorysetup-gfx-main-allocator-block-size=16777216"
    "memorysetup-gfx-thread-allocator-block-size=16777216"
    "memorysetup-cache-allocator-block-size=4194304"
    "memorysetup-typetree-allocator-block-size=2097152"
    "memorysetup-profiler-bucket-allocator-granularity=16"
    "memorysetup-profiler-bucket-allocator-bucket-count=8"
    "memorysetup-profiler-bucket-allocator-block-size=33554432"
    "memorysetup-profiler-bucket-allocator-block-count=8"
    "memorysetup-profiler-allocator-block-size=16777216"
    "memorysetup-profiler-editor-allocator-block-size=1048576"
    "memorysetup-temp-allocator-size-main=16777216"
    "memorysetup-job-temp-allocator-block-size=2097152"
    "memorysetup-job-temp-allocator-block-size-background=1048576"
    "memorysetup-job-temp-allocator-reduction-small-platforms=262144"
    "memorysetup-temp-allocator-size-cloud-worker=32768"
Player connection [10140]  Target information:

Player connection [10140]  * "[IP] 192.168.100.6 [Port] 55504 [Flags] 2 [Guid] 3826303348 [EditorId] 3826303348 [Version] 1048832 [Id] WindowsEditor(7,DESKTOP-IAS7GE8) [Debug] 1 [PackageName] WindowsEditor [ProjectName] Editor" 

Player connection [10140]  * "[IP] 192.168.193.7 [Port] 55504 [Flags] 2 [Guid] 3826303348 [EditorId] 3826303348 [Version] 1048832 [Id] WindowsEditor(7,DESKTOP-IAS7GE8) [Debug] 1 [PackageName] WindowsEditor [ProjectName] Editor" 

Player connection [10140] Host joined multi-casting on [225.0.0.222:54997]...
Player connection [10140] Host joined alternative multi-casting on [225.0.0.222:34997]...
Input System module state changed to: Initialized.
[Physics::Module] Initialized fallback backend.
[Physics::Module] Id: 0xdecafbad
[Package Manager] Connected to IPC stream "Upm-13020" after 0.4 seconds.
[Licensing::Module] Licensing is not yet initialized.
[Licensing::IpcConnector] Successfully connected to: "LicenseClient-Pablo" at "2026-09-09T03:14:13.7897223Z"
[Licensing::Client] Code 10 while verifying Licensing Client signature (process Id: 2308, path: "C:/Program Files/Unity/Hub/Editor/6000.3.20f1/Editor/Data/Resources/Licensing/Client/Unity.Licensing.Client.exe")
[Licensing::Module] LicensingClient has failed validation; ignoring
[Licensing::Client] Handshaking with LicensingClient:
  Version:                 1.18.1+9fbee8e
  Session Id:              0bf332a32ab3456f958509a0b19d4d58
  Correlation Id:          bfba867a8ce2cdbe59bb1fdea81f5a09
  External correlation Id: 8526872787958595236
  Machine Id:              s2vqK+FirQPpy6L4elJAoHlXiTM=
[Licensing::Module] Successfully connected to LicensingClient on channel: "LicenseClient-Pablo" (connect: 4.37s, validation: 0.23s, handshake: 0.30s)
[Licensing::IpcConnector] Successfully connected to: "LicenseClient-Pablo-notifications" at "2026-09-09T03:14:14.3207548Z"
[Licensing::Module] Connected to LicensingClient (PId: 2308, launch time: 0.04, total connection time: 4.90s)
[Licensing::Module] Error: Access token is unavailable; failed to update
[Licensing::Client] Successfully resolved entitlement details
[Licensing::Module] License group:
  Id: F4-AUGU-9VX5-WU58-JJSY-XXXX
  Product: Unity Personal
  Type: ULF
  Expiration: Unlimited
[Licensing::Client] Successfully updated license, isAsync: True, time: 0.01
[Licensing::Client] Successfully resolved entitlement details
[Licensing::Module] Licensing Background thread has ended after 4.97s
[Licensing::Module] Licensing is initialized (took 3.44s).
[Licensing::Client] Successfully resolved entitlement details
Library Redirect Path: Library/
[Physics::Module] Selected backend.
[Physics::Module] Name: PhysX
[Physics::Module] Id: 0xf2b8ea05
[Physics::Module] SDK Version: 4.1.2
[Physics::Module] Integration Version: 1.0.0
[Physics::Module] Threading Mode: Multi-Threaded
Artifact Garbage Collection - Removed 70 unused hashed content files
Refreshing native plugins compatible for Editor in 4.49 ms, found 0 plugins.
Preloading 0 native plugins for Editor in 0.00 ms.
Initialize engine version: 6000.3.20f1 (c9ba695d4f07)
[Subsystems] Discovering subsystems at path C:/Program Files/Unity/Hub/Editor/6000.3.20f1/Editor/Data/Resources/UnitySubsystems
[Subsystems] Discovering subsystems at path C:/UnityProyectosNOborrar/GDD - Untitled/Assets
GfxDevice: creating device client; kGfxThreadingModeNonThreaded
Direct3D:
    Version:  Direct3D 11.0 [level 11.1]
    Renderer: NVIDIA GeForce RTX 2060 (ID=0x1f08)
    Vendor:   NVIDIA
    VRAM:     5954 MB
    Driver:   32.0.15.9579
Initialize mono
Mono path[0] = 'C:/Program Files/Unity/Hub/Editor/6000.3.20f1/Editor/Data/Managed'
Mono path[1] = 'C:/Program Files/Unity/Hub/Editor/6000.3.20f1/Editor/Data/MonoBleedingEdge/lib/mono/unityjit-win32'
Mono config path = 'C:/Program Files/Unity/Hub/Editor/6000.3.20f1/Editor/Data/MonoBleedingEdge/etc'
Using monoOptions --debugger-agent=transport=dt_socket,embedding=1,server=y,suspend=n,address=127.0.0.1:56020
Using cacheserver namespaces - metadata:defaultmetadata, artifacts:defaultartifacts
Using cacheserver namespaces - metadata:defaultmetadata, artifacts:defaultartifacts
ImportWorker Server TCP listen port: 0
AcceleratorClientConnectionCallback - disconnected - :0
Begin MonoManager ReloadAssembly
Registering precompiled unity dll's ...
Register platform support module: C:/Program Files/Unity/Hub/Editor/6000.3.20f1/Editor/Data/PlaybackEngines/WindowsStandaloneSupport/UnityEditor.WindowsStandalone.Extensions.dll
Registered in 0.269619 seconds.
- Loaded All Assemblies, in 11.269 seconds
Native extension for WindowsStandalone target not found
Package Manager log level set to [2]
ScheduleIndexationOnStartup MainProcess:False IndexOnStartup:True
Mono: successfully reloaded assembly
- Finished resetting the current domain, in  0.623 seconds
Domain Reload Profiling: 11886ms
	BeginReloadAssembly (9031ms)
		ExecutionOrderSort (0ms)
		DisableScriptedObjects (0ms)
		BackupInstance (0ms)
		ReleaseScriptingObjects (0ms)
		CreateAndSetChildDomain (20ms)
	RebuildCommonClasses (544ms)
	RebuildNativeTypeToScriptingClass (20ms)
	initialDomainReloadingComplete (354ms)
	LoadAllAssembliesAndSetupDomain (1313ms)
		LoadAssemblies (9010ms)
		RebuildTransferFunctionScriptingTraits (0ms)
		AnalyzeDomain (1301ms)
			TypeCache.Refresh (1298ms)
				TypeCache.ScanAssembly (1008ms)
			BuildScriptInfoCaches (0ms)
			ResolveRequiredComponents (1ms)
	FinalizeReload (624ms)
		ReleaseScriptCaches (0ms)
		RebuildScriptCaches (0ms)
		SetupLoadedEditorAssemblies (566ms)
			LogAssemblyErrors (0ms)
			InitializePlatformSupportModulesInManaged (71ms)
			SetLoadedEditorAssemblies (4ms)
			BeforeProcessingInitializeOnLoad (121ms)
			ProcessInitializeOnLoadAttributes (221ms)
			ProcessInitializeOnLoadMethodAttributes (148ms)
			AfterProcessingInitializeOnLoad (0ms)
			EditorAssembliesLoaded (0ms)
		ExecutionOrderSort2 (0ms)
		AwakeInstancesAfterBackupRestoration (0ms)
[Licensing::Client] Successfully resolved entitlement details
Application.AssetDatabase Initial Refresh Start
[Package Manager] Restoring resolved packages state from cache
[Licensing::Client] Successfully resolved entitlement details
[Package Manager] Registered 56 packages:
  Packages from [https://package.openupm.com]:
    com.gameanalytics.sdk@8.0.1 (location: C:\UnityProyectosNOborrar\GDD - Untitled\Library\PackageCache\com.gameanalytics.sdk@770dff7b5a42)
    com.google.external-dependency-manager@1.2.187 (location: C:\UnityProyectosNOborrar\GDD - Untitled\Library\PackageCache\com.google.external-dependency-manager@f5312a5700af)
  Packages from [https://packages.unity.com]:
    com.unity.ai.navigation@2.0.13 (location: C:\UnityProyectosNOborrar\GDD - Untitled\Library\PackageCache\com.unity.ai.navigation@42d896194035)
    com.unity.collab-proxy@2.12.4 (location: C:\UnityProyectosNOborrar\GDD - Untitled\Library\PackageCache\com.unity.collab-proxy@0b1559bcd34e)
    com.unity.ide.rider@3.0.40 (location: C:\UnityProyectosNOborrar\GDD - Untitled\Library\PackageCache\com.unity.ide.rider@e4950c6d131b)
    com.unity.ide.visualstudio@2.0.26 (location: C:\UnityProyectosNOborrar\GDD - Untitled\Library\PackageCache\com.unity.ide.visualstudio@a99d56dec63f)
    com.unity.ide.vscode@1.2.5 (location: C:\UnityProyectosNOborrar\GDD - Untitled\Library\PackageCache\com.unity.ide.vscode@82e68656b7bd)
    com.unity.postprocessing@3.5.4 (location: C:\UnityProyectosNOborrar\GDD - Untitled\Library\PackageCache\com.unity.postprocessing@141166b789e3)
    com.unity.timeline@1.8.12 (location: C:\UnityProyectosNOborrar\GDD - Untitled\Library\PackageCache\com.unity.timeline@8cd8509afae5)
    com.unity.visualscripting@1.9.11 (location: C:\UnityProyectosNOborrar\GDD - Untitled\Library\PackageCache\com.unity.visualscripting@8bed5ad90189)
    com.unity.editorcoroutines@1.1.0 (location: C:\UnityProyectosNOborrar\GDD - Untitled\Library\PackageCache\com.unity.editorcoroutines@87a15ed012c2)
    com.unity.performance.profile-analyzer@1.4.0 (location: C:\UnityProyectosNOborrar\GDD - Untitled\Library\PackageCache\com.unity.performance.profile-analyzer@2bb26871883c)
    com.unity.testtools.codecoverage@1.3.0 (location: C:\UnityProyectosNOborrar\GDD - Untitled\Library\PackageCache\com.unity.testtools.codecoverage@19a841221620)
    com.unity.settings-manager@2.1.1 (location: C:\UnityProyectosNOborrar\GDD - Untitled\Library\PackageCache\com.unity.settings-manager@0b8638c5ce86)
  Built-in packages:
    com.unity.2d.sprite@1.0.0 (location: C:\UnityProyectosNOborrar\GDD - Untitled\Library\PackageCache\com.unity.2d.sprite@d8bb22511404)
    com.unity.feature.development@1.0.2 (location: C:\UnityProyectosNOborrar\GDD - Untitled\Library\PackageCache\com.unity.feature.development@767aadbc6eb7)
    com.unity.multiplayer.center@1.0.1 (location: C:\UnityProyectosNOborrar\GDD - Untitled\Library\PackageCache\com.unity.multiplayer.center@f01f4ba8d00a)
    com.unity.test-framework@1.6.0 (location: C:\UnityProyectosNOborrar\GDD - Untitled\Library\PackageCache\com.unity.test-framework@bd7f943e9647)
    com.unity.ugui@2.0.0 (location: C:\UnityProyectosNOborrar\GDD - Untitled\Library\PackageCache\com.unity.ugui@e20f1880fa04)
    com.unity.modules.accessibility@1.0.0 (location: C:\UnityProyectosNOborrar\GDD - Untitled\Library\PackageCache\com.unity.modules.accessibility)
    com.unity.modules.adaptiveperformance@1.0.0 (location: C:\UnityProyectosNOborrar\GDD - Untitled\Library\PackageCache\com.unity.modules.adaptiveperformance)
    com.unity.modules.ai@1.0.0 (location: C:\UnityProyectosNOborrar\GDD - Untitled\Library\PackageCache\com.unity.modules.ai)
    com.unity.modules.androidjni@1.0.0 (location: C:\UnityProyectosNOborrar\GDD - Untitled\Library\PackageCache\com.unity.modules.androidjni)
    com.unity.modules.animation@1.0.0 (location: C:\UnityProyectosNOborrar\GDD - Untitled\Library\PackageCache\com.unity.modules.animation)
    com.unity.modules.assetbundle@1.0.0 (location: C:\UnityProyectosNOborrar\GDD - Untitled\Library\PackageCache\com.unity.modules.assetbundle)
    com.unity.modules.audio@1.0.0 (location: C:\UnityProyectosNOborrar\GDD - Untitled\Library\PackageCache\com.unity.modules.audio)
    com.unity.modules.cloth@1.0.0 (location: C:\UnityProyectosNOborrar\GDD - Untitled\Library\PackageCache\com.unity.modules.cloth)
    com.unity.modules.director@1.0.0 (location: C:\UnityProyectosNOborrar\GDD - Untitled\Library\PackageCache\com.unity.modules.director)
    com.unity.modules.imageconversion@1.0.0 (location: C:\UnityProyectosNOborrar\GDD - Untitled\Library\PackageCache\com.unity.modules.imageconversion)
    com.unity.modules.imgui@1.0.0 (location: C:\UnityProyectosNOborrar\GDD - Untitled\Library\PackageCache\com.unity.modules.imgui)
    com.unity.modules.jsonserialize@1.0.0 (location: C:\UnityProyectosNOborrar\GDD - Untitled\Library\PackageCache\com.unity.modules.jsonserialize)
    com.unity.modules.particlesystem@1.0.0 (location: C:\UnityProyectosNOborrar\GDD - Untitled\Library\PackageCache\com.unity.modules.particlesystem)
    com.unity.modules.physics@1.0.0 (location: C:\UnityProyectosNOborrar\GDD - Untitled\Library\PackageCache\com.unity.modules.physics)
    com.unity.modules.physics2d@1.0.0 (location: C:\UnityProyectosNOborrar\GDD - Untitled\Library\PackageCache\com.unity.modules.physics2d)
    com.unity.modules.screencapture@1.0.0 (location: C:\UnityProyectosNOborrar\GDD - Untitled\Library\PackageCache\com.unity.modules.screencapture)
    com.unity.modules.terrain@1.0.0 (location: C:\UnityProyectosNOborrar\GDD - Untitled\Library\PackageCache\com.unity.modules.terrain)
    com.unity.modules.terrainphysics@1.0.0 (location: C:\UnityProyectosNOborrar\GDD - Untitled\Library\PackageCache\com.unity.modules.terrainphysics)
    com.unity.modules.tilemap@1.0.0 (location: C:\UnityProyectosNOborrar\GDD - Untitled\Library\PackageCache\com.unity.modules.tilemap)
    com.unity.modules.ui@1.0.0 (location: C:\UnityProyectosNOborrar\GDD - Untitled\Library\PackageCache\com.unity.modules.ui)
    com.unity.modules.uielements@1.0.0 (location: C:\UnityProyectosNOborrar\GDD - Untitled\Library\PackageCache\com.unity.modules.uielements)
    com.unity.modules.umbra@1.0.0 (location: C:\UnityProyectosNOborrar\GDD - Untitled\Library\PackageCache\com.unity.modules.umbra)
    com.unity.modules.unityanalytics@1.0.0 (location: C:\UnityProyectosNOborrar\GDD - Untitled\Library\PackageCache\com.unity.modules.unityanalytics)
    com.unity.modules.unitywebrequest@1.0.0 (location: C:\UnityProyectosNOborrar\GDD - Untitled\Library\PackageCache\com.unity.modules.unitywebrequest)
    com.unity.modules.unitywebrequestassetbundle@1.0.0 (location: C:\UnityProyectosNOborrar\GDD - Untitled\Library\PackageCache\com.unity.modules.unitywebrequestassetbundle)
    com.unity.modules.unitywebrequestaudio@1.0.0 (location: C:\UnityProyectosNOborrar\GDD - Untitled\Library\PackageCache\com.unity.modules.unitywebrequestaudio)
    com.unity.modules.unitywebrequesttexture@1.0.0 (location: C:\UnityProyectosNOborrar\GDD - Untitled\Library\PackageCache\com.unity.modules.unitywebrequesttexture)
    com.unity.modules.unitywebrequestwww@1.0.0 (location: C:\UnityProyectosNOborrar\GDD - Untitled\Library\PackageCache\com.unity.modules.unitywebrequestwww)
    com.unity.modules.vectorgraphics@1.0.0 (location: C:\UnityProyectosNOborrar\GDD - Untitled\Library\PackageCache\com.unity.modules.vectorgraphics)
    com.unity.modules.vehicles@1.0.0 (location: C:\UnityProyectosNOborrar\GDD - Untitled\Library\PackageCache\com.unity.modules.vehicles)
    com.unity.modules.video@1.0.0 (location: C:\UnityProyectosNOborrar\GDD - Untitled\Library\PackageCache\com.unity.modules.video)
    com.unity.modules.vr@1.0.0 (location: C:\UnityProyectosNOborrar\GDD - Untitled\Library\PackageCache\com.unity.modules.vr)
    com.unity.modules.wind@1.0.0 (location: C:\UnityProyectosNOborrar\GDD - Untitled\Library\PackageCache\com.unity.modules.wind)
    com.unity.modules.xr@1.0.0 (location: C:\UnityProyectosNOborrar\GDD - Untitled\Library\PackageCache\com.unity.modules.xr)
    com.unity.modules.subsystems@1.0.0 (location: C:\UnityProyectosNOborrar\GDD - Untitled\Library\PackageCache\com.unity.modules.subsystems)
    com.unity.modules.hierarchycore@1.0.0 (location: C:\UnityProyectosNOborrar\GDD - Untitled\Library\PackageCache\com.unity.modules.hierarchycore)
    com.unity.ext.nunit@2.0.5 (location: C:\UnityProyectosNOborrar\GDD - Untitled\Library\PackageCache\com.unity.ext.nunit@d8c07649098d)
[Package Manager] com.unity.ide.vscode is deprecated: Visual Studio Code package is not supported anymore. You can continue to use it, but we won't provide any update anymore.
[Subsystems] No new subsystems found in resolved package list.
[Package Manager] Done registering packages in 0.03 seconds
[ScriptCompilation] Requested script compilation because: Assetdatabase observed changes in script compilation related files
Starting: C:\Program Files\Unity\Hub\Editor\6000.3.20f1\Editor\Data\Tools\BuildPipeline\bee_backend.exe --ipc --defer-dag-verification --dagfile="Library/Bee/1900b0aE.dag" --continue-on-failure --profile="Library/Bee/backend1.traceevents" ScriptAssemblies
WorkingDir: C:/UnityProyectosNOborrar/GDD - Untitled
DisplayProgressbar: Compiling Scripts
Starting: C:\Program Files\Unity\Hub\Editor\6000.3.20f1\Editor\Data\netcorerun\netcorerun.exe "C:\Program Files\Unity\Hub\Editor\6000.3.20f1\Editor\Data\Tools\BuildPipeline\ScriptCompilationBuildProgram.exe" "Library/Bee/1900b0aE.dag.json" "Library/Bee/1900b0aE-inputdata.json" "Library\Bee\buildprogram0.traceevents"
WorkingDir: C:/UnityProyectosNOborrar/GDD - Untitled
ExitCode: 4 Duration: 0s347ms
Rebuilding DAG because FileSignature timestamp changed: Library/Bee/1900b0aE-inputdata.json
*** Tundra requires additional run (0.25 seconds), 0 items updated, 406 evaluated
ExitCode: 0 Duration: 1s697ms
Starting: C:\Program Files\Unity\Hub\Editor\6000.3.20f1\Editor\Data\Tools\BuildPipeline\bee_backend.exe --ipc --defer-dag-verification --dagfile="Library/Bee/1900b0aE.dag" --continue-on-failure --dagfilejson="Library\Bee\1900b0aE.dag.json" --profile="Library/Bee/backend2.traceevents" ScriptAssemblies
WorkingDir: C:/UnityProyectosNOborrar/GDD - Untitled
ExitCode: 0 Duration: 17s
Finished compiling graph: 537 nodes, 8666 flattened edges (7910 ToBuild, 88 ToUse), maximum node priority 378
[322/534    0s] WriteText Library/Bee/artifacts/1900b0aE.dag/Assembly-CSharp-Editor.rsp
[BUSY       6s] Csc Library/Bee/artifacts/1900b0aE.dag/Assembly-CSharp.dll (+2 others)
[528/534   14s] Csc Library/Bee/artifacts/1900b0aE.dag/Assembly-CSharp.dll (+2 others)
Assets\Scripts\UI\UIEstadoCuadro.cs(8,7): warning CS0105: The using directive for 'System.Collections.Generic' appeared previously in this namespace

Assets\IAUnidadEspectroBosque.cs(37,13): warning CS4014: Because this call is not awaited, execution of the current method continues before the call is completed. Consider applying the 'await' operator to the result of the call.

Assets\IAUnidadEspectroBosque.cs(48,13): warning CS4014: Because this call is not awaited, execution of the current method continues before the call is completed. Consider applying the 'await' operator to the result of the call.

Assets\LogDeCampania.cs(464,13): warning CS0618: 'TMP_Text.enableKerning' is obsolete: 'The "enableKerning" property has been deprecated. Use the "fontFeatures" property to control what features are enabled on the text component.'

Assets\LogDeCampania.cs(464,35): warning CS0618: 'TMP_Text.enableKerning' is obsolete: 'The "enableKerning" property has been deprecated. Use the "fontFeatures" property to control what features are enabled on the text component.'

Assets\MapDecorator.cs(916,25): warning CS0618: 'Object.FindObjectsOfType<T>(bool)' is obsolete: 'Object.FindObjectsOfType has been deprecated. Use Object.FindObjectsByType instead which lets you decide whether you need the results sorted or not.  FindObjectsOfType sorts the results by InstanceID but if you do not need this using FindObjectSortMode.None is considerably faster.'

Assets\MapDecorator.cs(933,25): warning CS0618: 'Object.FindObjectsOfType<T>(bool)' is obsolete: 'Object.FindObjectsOfType has been deprecated. Use Object.FindObjectsByType instead which lets you decide whether you need the results sorted or not.  FindObjectsOfType sorts the results by InstanceID but if you do not need this using FindObjectSortMode.None is considerably faster.'

Assets\MapDecorator.cs(1003,21): warning CS0618: 'Object.FindObjectsOfType<T>()' is obsolete: 'Object.FindObjectsOfType has been deprecated. Use Object.FindObjectsByType instead which lets you decide whether you need the results sorted or not.  FindObjectsOfType sorts the results by InstanceID but if you do not need this using FindObjectSortMode.None is considerably faster.'

Assets\AsentamientoManager.cs(1517,16): warning CS0618: 'Object.FindObjectOfType<T>()' is obsolete: 'Object.FindObjectOfType has been deprecated. Use Object.FindFirstObjectByType instead or if finding any instance is acceptable the faster Object.FindAnyObjectByType'

Assets\Prefabs\Prefabs NPC\BANDIDOS\Rufi├ín con Mazo\EnemigoUnidadRufianMazo.cs(11,32): warning CS1998: This async method lacks 'await' operators and will run synchronously. Consider using the 'await' operator to await non-blocking API calls, or 'await Task.Run(...)' to do CPU-bound work on a background thread.

Assets\AsentamientoManager.cs(1577,9): warning CS0618: 'TMP_Text.enableWordWrapping' is obsolete: 'The enabledWordWrapping property is now obsolete. Please use the textWrappingMode property instead.'

Assets\Prefabs\Prefabs NPC\VENGADORES DE KADRYN\Alabardero\IAPrimerGolpeAlabardero.cs(107,12): warning CS0219: The variable 'unidadEmpujada' is assigned but its value is never used

Assets\Prefabs\Prefabs NPC\VENGADORES DE KADRYN\Alabardero\IAPrimerGolpeAlabardero.cs(66,30): warning CS1998: This async method lacks 'await' operators and will run synchronously. Consider using the 'await' operator to await non-blocking API calls, or 'await Task.Run(...)' to do CPU-bound work on a background thread.

Assets\Prefabs\Prefabs NPC\VENGADORES DE KADRYN\TrampaAlientoNegro\ReaccionVengadorKadryn.cs(26,30): warning CS1998: This async method lacks 'await' operators and will run synchronously. Consider using the 'await' operator to await non-blocking API calls, or 'await Task.Run(...)' to do CPU-bound work on a background thread.

Assets\Prefabs\Prefabs NPC\ZONA - Bosque de los Lamentos\ArbolMaldito\IACondenaRaices.cs(97,7): warning CS4014: Because this call is not awaited, execution of the current method continues before the call is completed. Consider applying the 'await' operator to the result of the call.

Assets\Prefabs\Prefabs NPC\ZONA - Bosque de los Lamentos\Bruja Quemada\IACondenaFerozBruja.cs(110,5): warning CS4014: Because this call is not awaited, execution of the current method continues before the call is completed. Consider applying the 'await' operator to the result of the call.

Assets\Prefabs\Prefabs NPC\ZONA - Bosque de los Lamentos\RaizArdiendo\IAEnterrarRaizFuego.cs(120,5): warning CS4014: Because this call is not awaited, execution of the current method continues before the call is completed. Consider applying the 'await' operator to the result of the call.

Assets\Prefabs\Prefabs NPC\ZONA - Nedukazal\Zarkil\Zarkil Guerrero\IAMiradadeMasacre.cs(61,30): warning CS1998: This async method lacks 'await' operators and will run synchronously. Consider using the 'await' operator to await non-blocking API calls, or 'await Task.Run(...)' to do CPU-bound work on a background thread.

Assets\Prefabs\Prefabs NPC\ZONA - Nedukazal\Zarkil\Zarkil Guerrero\MiradaMasacre\TrampaMiradamasacre.cs(60,9): warning CS4014: Because this call is not awaited, execution of the current method continues before the call is completed. Consider applying the 'await' operator to the result of the call.

Assets\Prefabs\Prefabs NPC\ZONA - Paso Viento Helado\Kale'Tav\Bruja\IAAtaqueCuervo.cs(68,5): warning CS4014: Because this call is not awaited, execution of the current method continues before the call is completed. Consider applying the 'await' operator to the result of the call.

Assets\Prefabs\Prefabs NPC\ZONA - Paso Viento Helado\Kale'Tav\Bruja\ReaccionAtaqueCuervo.cs(43,10): warning CS4014: Because this call is not awaited, execution of the current method continues before the call is completed. Consider applying the 'await' operator to the result of the call.

Assets\Prefabs\Prefabs NPC\ZONA - Paso Viento Helado\Kale'Tav\Efigie Animada\ReaccionEfigieAnimada.cs(43,11): warning CS4014: Because this call is not awaited, execution of the current method continues before the call is completed. Consider applying the 'await' operator to the result of the call.

Assets\Prefabs\Prefabs NPC\ZONA - Paso Viento Helado\Kale'Tav\Efigie Animada\ReaccionEfigieAnimada.cs(26,30): warning CS1998: This async method lacks 'await' operators and will run synchronously. Consider using the 'await' operator to await non-blocking API calls, or 'await Task.Run(...)' to do CPU-bound work on a background thread.

Assets\Prefabs\Prefabs NPC\ZONA - Nedukazal\Zarkil\Zarkilever\IAGarraZarkilever.cs(168,9): warning CS4014: Because this call is not awaited, execution of the current method continues before the call is completed. Consider applying the 'await' operator to the result of the call.

Assets\Prefabs\Prefabs NPC\ZONA - Paso Viento Helado\Salvajes\Faagdan\IAEmbestidaFaagdan.cs(153,7): warning CS4014: Because this call is not awaited, execution of the current method continues before the call is completed. Consider applying the 'await' operator to the result of the call.

Assets\Scripts\Buff.cs(240,17): warning CS4014: Because this call is not awaited, execution of the current method continues before the call is completed. Consider applying the 'await' operator to the result of the call.

Assets\Scripts\Buff.cs(244,17): warning CS4014: Because this call is not awaited, execution of the current method continues before the call is completed. Consider applying the 'await' operator to the result of the call.

Assets\Scripts\Buff.cs(416,9): warning CS4014: Because this call is not awaited, execution of the current method continues before the call is completed. Consider applying the 'await' operator to the result of the call.

Assets\Scripts\Campania\MenuCaravana.cs(551,13): warning CS0162: Unreachable code detected

Assets\Scripts\Campania\NieblaGuerraCaravana.cs(92,31): warning CS0618: 'Object.FindObjectsOfType<T>()' is obsolete: 'Object.FindObjectsOfType has been deprecated. Use Object.FindObjectsByType instead which lets you decide whether you need the results sorted or not.  FindObjectsOfType sorts the results by InstanceID but if you do not need this using FindObjectSortMode.None is considerably faster.'

Assets\Scripts\Campania\MenuBatallas.cs(1455,5): warning CS0162: Unreachable code detected

Assets\Scripts\Campania\CampaignManager.cs(3103,7): warning CS0162: Unreachable code detected

Assets\Scripts\Campania\Personajes\btnPersonaje.cs(802,32): warning CS0618: 'Object.FindObjectsOfType<T>()' is obsolete: 'Object.FindObjectsOfType has been deprecated. Use Object.FindObjectsByType instead which lets you decide whether you need the results sorted or not.  FindObjectsOfType sorts the results by InstanceID but if you do not need this using FindObjectSortMode.None is considerably faster.'

Assets\Scripts\Clases\Acechador\Habilidades\Abrojos\Abrojo.cs(31,31): warning CS1998: This async method lacks 'await' operators and will run synchronously. Consider using the 'await' operator to await non-blocking API calls, or 'await Task.Run(...)' to do CPU-bound work on a background thread.

Assets\Scripts\Clases\Acechador\Habilidades\ArrojarAbrojos.cs(107,7): warning CS0162: Unreachable code detected

Assets\Scripts\Clases\Acechador\Habilidades\BombaDeHumo.cs(106,7): warning CS0162: Unreachable code detected

Assets\Scripts\Clases\Acechador\Habilidades\AtaqueEspadaCorta.cs(128,7): warning CS0162: Unreachable code detected

Assets\Scripts\Clases\Acechador\Habilidades\BombaDeHumo.cs(197,30): warning CS1998: This async method lacks 'await' operators and will run synchronously. Consider using the 'await' operator to await non-blocking API calls, or 'await Task.Run(...)' to do CPU-bound work on a background thread.

Assets\Scripts\Clases\Acechador\Habilidades\ArrojarAbrojos.cs(236,32): warning CS1998: This async method lacks 'await' operators and will run synchronously. Consider using the 'await' operator to await non-blocking API calls, or 'await Task.Run(...)' to do CPU-bound work on a background thread.

Assets\Scripts\Casilla.cs(735,11): warning CS0618: 'Object.FindObjectOfType<T>()' is obsolete: 'Object.FindObjectOfType has been deprecated. Use Object.FindFirstObjectByType instead or if finding any instance is acceptable the faster Object.FindAnyObjectByType'

Assets\Scripts\Clases\Acechador\Habilidades\Asesinar.cs(144,5): warning CS0162: Unreachable code detected

Assets\Scripts\Clases\Acechador\Habilidades\HaciaLasSombras.cs(99,5): warning CS0162: Unreachable code detected

Assets\Scripts\Clases\Acechador\Habilidades\HaciaLasSombras.cs(188,30): warning CS1998: This async method lacks 'await' operators and will run synchronously. Consider using the 'await' operator to await non-blocking API calls, or 'await Task.Run(...)' to do CPU-bound work on a background thread.

Assets\Scripts\Clases\Acechador\Habilidades\Distraer.cs(127,5): warning CS0162: Unreachable code detected

Assets\Scripts\Clases\Acechador\Habilidades\CorteIncapacitante.cs(157,5): warning CS0162: Unreachable code detected

Assets\Scripts\Clases\Acechador\Habilidades\DisparoEnvenenado.cs(236,5): warning CS0162: Unreachable code detected

Assets\Scripts\Clases\Acechador\Habilidades\REPRESENTACIONMaestriaBallesta.cs(76,5): warning CS0162: Unreachable code detected

Assets\Scripts\Clases\Acechador\Habilidades\Asesinar.cs(458,11): warning CS0219: The variable 'rangoPlus' is assigned but its value is never used

Assets\Scripts\Clases\Acechador\Habilidades\Distraer.cs(294,11): warning CS0219: The variable 'rangoPlus' is assigned but its value is never used

Assets\Scripts\Clases\Acechador\Habilidades\REPRESENTACIONMaestriaEspadaCorta.cs(69,5): warning CS0162: Unreachable code detected

Assets\Scripts\Clases\Acechador\Habilidades\REPRESENTACIONSigiloso.cs(45,5): warning CS0162: Unreachable code detected

Assets\Scripts\Clases\Acechador\Habilidades\REPRESENTACIONMasacre.cs(75,5): warning CS0162: Unreachable code detected

Assets\Scripts\Clases\Acechador\Habilidades\REPRESENTACIONSueldo.cs(37,7): warning CS0162: Unreachable code detected

Assets\Scripts\Clases\Acechador\_ItemsExclusivos\Armas\Espada Corta\Infrecuente_Espada Corta Arcana\AtaqueEspadaCortaArcana.cs(129,7): warning CS0162: Unreachable code detected

Assets\Scripts\Clases\Acechador\_ItemsExclusivos\Armas\Espada Corta\Infrecuente_Espada Corta Filonegro\AtaqueEspadaCortaFilonegro.cs(127,7): warning CS0162: Unreachable code detected

Assets\Scripts\Clases\Acechador\Habilidades\TiroBallestaDeMano.cs(186,5): warning CS0162: Unreachable code detected

Assets\Scripts\Clases\Caballero\Habilidades\CorteVertical.cs(125,7): warning CS0162: Unreachable code detected

Assets\Scripts\Clases\Acechador\_ItemsExclusivos\Armas\Espada Corta\Rara_Espada Corta Consumevida\AtaqueEspadaCortaConsumevida.cs(124,7): warning CS0162: Unreachable code detected

Assets\Scripts\BattleManager.cs(5832,11): warning CS0618: 'Object.FindObjectOfType<T>()' is obsolete: 'Object.FindObjectOfType has been deprecated. Use Object.FindFirstObjectByType instead or if finding any instance is acceptable the faster Object.FindAnyObjectByType'

Assets\Scripts\Clases\Caballero\Habilidades\CorteHorizontal.cs(182,7): warning CS0162: Unreachable code detected

Assets\Scripts\Clases\Caballero\Habilidades\REPRESENTACIONArmaduraLimitante.cs(59,7): warning CS0162: Unreachable code detected

Assets\Scripts\Clases\Caballero\Habilidades\HombroConHombro.cs(160,7): warning CS0162: Unreachable code detected

Assets\Scripts\Clases\Caballero\Habilidades\PosturaDefensiva.cs(149,7): warning CS0162: Unreachable code detected

Assets\Scripts\Clases\Caballero\Habilidades\REPRESENTACIONCorajeInquebrantable.cs(63,7): warning CS0162: Unreachable code detected

Assets\Scripts\Clases\Caballero\Habilidades\PrimerosAuxilios.cs(152,7): warning CS0162: Unreachable code detected

Assets\Scripts\Clases\Caballero\Habilidades\Partir.cs(196,7): warning CS0162: Unreachable code detected

Assets\Scripts\BattleManager.cs(6590,5): warning CS0618: 'TMP_Text.enableWordWrapping' is obsolete: 'The enabledWordWrapping property is now obsolete. Please use the textWrappingMode property instead.'

Assets\Scripts\Clases\Caballero\Habilidades\REPRESENTACIONAcorazado.cs(273,7): warning CS0162: Unreachable code detected

Assets\Scripts\Clases\Caballero\Habilidades\GritoMotivador.cs(145,7): warning CS0162: Unreachable code detected

Assets\Scripts\Clases\Caballero\Habilidades\REPRESENTACIONImplacable.cs(313,5): warning CS0162: Unreachable code detected

Assets\Scripts\Clases\Caballero\Habilidades\REPRESENTACIONDeterminacion.cs(318,5): warning CS0162: Unreachable code detected

Assets\Scripts\AdministradorEscenas.cs(5741,12): warning CS0219: The variable 'encontrado' is assigned but its value is never used

Assets\Scripts\BattleManager.cs(6962,74): warning CS0184: The given expression is never of the provided ('DestruirObstaculo') type

Assets\Scripts\Clases\Caballero\_ItemsExclusivos\Armas\Mandoble\Infrecuente_MandobleSagrado\CorteVerticalSagrado.cs(138,7): warning CS0162: Unreachable code detected

Assets\Scripts\Clases\Caballero\_ItemsExclusivos\Armas\Mandoble\Infrecuente_MandobleSediento\CorteVerticalSediento.cs(135,7): warning CS0162: Unreachable code detected

Assets\Scripts\Campania\CampaignManager.cs(6951,7): warning CS0162: Unreachable code detected

Assets\Scripts\Clases\Caballero\_ItemsExclusivos\Armas\Mandoble\Rara_MandobleCongelado\CorteVerticalCongelado.cs(137,7): warning CS0162: Unreachable code detected

Assets\Scripts\Clases\Caballero\Habilidades\SiguesTu.cs(150,7): warning CS0162: Unreachable code detected

Assets\Scripts\Clases\Caballero\Habilidades\SiguesTu.cs(388,17): warning CS4014: Because this call is not awaited, execution of the current method continues before the call is completed. Consider applying the 'await' operator to the result of the call.

Assets\Scripts\Clases\Canalizador\Habilidades\AcumularEnergia.cs(129,7): warning CS0162: Unreachable code detected

Assets\Scripts\Clases\Canalizador\Habilidades\DescargaArcana.cs(108,7): warning CS0162: Unreachable code detected

Assets\Scripts\Clases\Canalizador\Habilidades\DescargaDePoder.cs(135,7): warning CS0162: Unreachable code detected

Assets\Scripts\Clases\Canalizador\Habilidades\EscudoEnergetico.cs(131,9): warning CS0162: Unreachable code detected

Assets\Scripts\Clases\Canalizador\Habilidades\Instatransporte.cs(127,5): warning CS0162: Unreachable code detected

Assets\Scripts\Clases\Canalizador\Habilidades\DescargaDesintegradora.cs(160,5): warning CS0162: Unreachable code detected

Assets\Scripts\Clases\Canalizador\Habilidades\ReaccionSifonArcano.cs(38,30): warning CS1998: This async method lacks 'await' operators and will run synchronously. Consider using the 'await' operator to await non-blocking API calls, or 'await Task.Run(...)' to do CPU-bound work on a background thread.

Assets\Scripts\Clases\Canalizador\Habilidades\ResiduoEnerg├®tico\ResiduoEnergetico.cs(32,31): warning CS1998: This async method lacks 'await' operators and will run synchronously. Consider using the 'await' operator to await non-blocking API calls, or 'await Task.Run(...)' to do CPU-bound work on a background thread.

Assets\Scripts\Clases\Canalizador\Habilidades\REPRESENTACIONSobrecarga.cs(53,10): warning CS0162: Unreachable code detected

Assets\Scripts\Clases\Canalizador\Habilidades\REPRESENTACIONExcesoDePoder.cs(113,9): warning CS0162: Unreachable code detected

Assets\Scripts\Clases\Canalizador\Habilidades\HojaDeEnergia.cs(155,5): warning CS0162: Unreachable code detected

Assets\Scripts\Clases\Canalizador\Habilidades\ManifestacionArcana.cs(134,5): warning CS0162: Unreachable code detected

Assets\Scripts\Clases\Canalizador\Habilidades\REPRESENTACIONAcumulacionProtegida.cs(103,7): warning CS0162: Unreachable code detected

Assets\Scripts\Clases\Canalizador\Habilidades\ManifestacionArcana.cs(302,32): warning CS1998: This async method lacks 'await' operators and will run synchronously. Consider using the 'await' operator to await non-blocking API calls, or 'await Task.Run(...)' to do CPU-bound work on a background thread.

Assets\Scripts\Clases\Duelista\Habilidades\EnGarde.cs(89,9): warning CS0162: Unreachable code detected

Assets\Scripts\Clases\Canalizador\Habilidades\SifonArcano.cs(133,5): warning CS0162: Unreachable code detected

Assets\Scripts\Clases\Duelista\Habilidades\Estocada.cs(106,9): warning CS0162: Unreachable code detected

Assets\Scripts\Clases\Duelista\Habilidades\CargaDeEstoque.cs(139,9): warning CS0162: Unreachable code detected

Assets\Scripts\Clases\Duelista\Habilidades\PresenciaProvocadora.cs(105,9): warning CS0162: Unreachable code detected

Assets\Scripts\Clases\Duelista\Habilidades\AFondo.cs(133,9): warning CS0162: Unreachable code detected

Assets\Scripts\Clases\Duelista\Habilidades\REPRESENTACIONAtaquesReveladores.cs(89,9): warning CS0162: Unreachable code detected

Assets\Scripts\Clases\Duelista\Habilidades\REPRESENTACIONDanzaDelEstoque.cs(88,9): warning CS0162: Unreachable code detected

Assets\Scripts\Clases\Duelista\Habilidades\PuntaHiriente.cs(144,9): warning CS0162: Unreachable code detected

Assets\Scripts\Clases\Duelista\Habilidades\REPRESENTACIONPasoLigero.cs(69,9): warning CS0162: Unreachable code detected

Assets\Scripts\Campania\Nodo.cs(6342,17): warning CS0219: The variable 'minSampleDist' is assigned but its value is never used

Assets\Scripts\Clases\Duelista\Habilidades\REPRESENTACIONPosturaDemandante.cs(72,9): warning CS0162: Unreachable code detected

Assets\Scripts\Clases\Duelista\Habilidades\REPRESENTACIONEvasionMaestra.cs(111,9): warning CS0162: Unreachable code detected

Assets\Scripts\Clases\Duelista\_ItemsExclusivos\Armaduras\Gambeson\Rara_GambesonDelUltimoPaso\REPRESENTACIONUltimoPaso.cs(69,9): warning CS0162: Unreachable code detected

Assets\Scripts\Clases\Duelista\Habilidades\RecuperarAire.cs(96,9): warning CS0162: Unreachable code detected

Assets\Scripts\Clases\Duelista\Habilidades\Riposte.cs(91,9): warning CS0162: Unreachable code detected

Assets\Scripts\Clases\Duelista\Habilidades\Riposte.cs(201,9): warning CS4014: Because this call is not awaited, execution of the current method continues before the call is completed. Consider applying the 'await' operator to the result of the call.

Assets\Scripts\Clases\Explorador\ClaseExplorador.cs(231,7): warning CS4014: Because this call is not awaited, execution of the current method continues before the call is completed. Consider applying the 'await' operator to the result of the call.

Assets\Scripts\Clases\Duelista\_ItemsExclusivos\Armas\Estoque\Infrecuente_EstoqueDelPrimerSangre\EstocadaPrimerSangre.cs(64,9): warning CS0162: Unreachable code detected

Assets\Scripts\Clases\Explorador\Habilidades\Acechar.cs(160,5): warning CS0162: Unreachable code detected

Assets\Scripts\Clases\Duelista\_ItemsExclusivos\Armas\Estoque\Rara_EstoqueDeLaRosaNegra\EstocadaRosaNegra.cs(61,9): warning CS0162: Unreachable code detected

Assets\Scripts\Clases\Explorador\Habilidades\CorteDaga.cs(122,7): warning CS0162: Unreachable code detected

Assets\Scripts\Clases\Duelista\_ItemsExclusivos\Armas\Estoque\Raro_EstoqueAstral\EstocadaAstral.cs(62,9): warning CS0162: Unreachable code detected

Assets\Scripts\Campania\Nodo.cs(7023,10): warning CS0618: 'Object.FindObjectOfType<T>()' is obsolete: 'Object.FindObjectOfType has been deprecated. Use Object.FindFirstObjectByType instead or if finding any instance is acceptable the faster Object.FindAnyObjectByType'

Assets\Scripts\Clases\Explorador\Habilidades\Fogata.cs(152,5): warning CS0162: Unreachable code detected

Assets\Scripts\Clases\Explorador\Habilidades\REPRESENTACIONPasoCauteloso.cs(69,5): warning CS0162: Unreachable code detected

Assets\Scripts\Clases\Explorador\Habilidades\Fogata.cs(238,32): warning CS1998: This async method lacks 'await' operators and will run synchronously. Consider using the 'await' operator to await non-blocking API calls, or 'await Task.Run(...)' to do CPU-bound work on a background thread.

Assets\Scripts\Clases\Explorador\Habilidades\DisparoPotente.cs(198,7): warning CS0162: Unreachable code detected

Assets\Scripts\Clases\Explorador\Habilidades\ImprovisarFlechas.cs(165,7): warning CS0162: Unreachable code detected

Assets\Scripts\Clases\Explorador\Habilidades\REPRESENTACIONAcrobatico.cs(114,7): warning CS0162: Unreachable code detected

Assets\Scripts\Clases\Explorador\Habilidades\REPRESENTACIONReconocimiento.cs(99,7): warning CS0162: Unreachable code detected

Assets\Scripts\Clases\Explorador\Habilidades\ImprovisarFlechas.cs(246,32): warning CS1998: This async method lacks 'await' operators and will run synchronously. Consider using the 'await' operator to await non-blocking API calls, or 'await Task.Run(...)' to do CPU-bound work on a background thread.

Assets\Scripts\Clases\Explorador\Habilidades\REPRESENTACIONVistaLejana.cs(95,7): warning CS0162: Unreachable code detected

Assets\Scripts\Clases\Explorador\Habilidades\MarcarPresa.cs(166,5): warning CS0162: Unreachable code detected

Assets\Scripts\Clases\Explorador\Habilidades\MarcarPresa.cs(274,11): warning CS4014: Because this call is not awaited, execution of the current method continues before the call is completed. Consider applying the 'await' operator to the result of the call.

Assets\Scripts\Clases\Explorador\Habilidades\TiroconArco.cs(144,5): warning CS0162: Unreachable code detected

Assets\Scripts\Clases\Explorador\Habilidades\Rafaga.cs(210,5): warning CS0162: Unreachable code detected

Assets\Scripts\Clases\Explorador\Habilidades\Vigilancia.cs(177,5): warning CS0162: Unreachable code detected

Assets\Scripts\Clases\Explorador\_ItemsExclusivos\Armas\Arco Largo\Infrecuente_ArcoLargoAcido\TiroconArcoAcido.cs(165,7): warning CS0162: Unreachable code detected

Assets\Scripts\Clases\Explorador\_ItemsExclusivos\Armas\Arco Largo\Raro_ArcoLargoRalentizante\TiroconArcoRalentizante.cs(167,7): warning CS0162: Unreachable code detected

Assets\Scripts\Clases\Explorador\_ItemsExclusivos\Armas\Arco Largo\Infrecuente_ArcoLargoPotente\TiroconArcoPotente.cs(166,7): warning CS0162: Unreachable code detected

Assets\Scripts\Clases\Purificadora\Habilidades\Enmendar.cs(148,7): warning CS0162: Unreachable code detected

Assets\Scripts\Clases\Purificadora\Habilidades\CastigaraLosMalvados.cs(159,7): warning CS0162: Unreachable code detected

Assets\Scripts\Clases\Purificadora\Habilidades\CastigaraLosMalvados.cs(323,7): warning CS4014: Because this call is not awaited, execution of the current method continues before the call is completed. Consider applying the 'await' operator to the result of the call.

Assets\Scripts\Clases\Purificadora\Habilidades\GolpeBaston.cs(137,9): warning CS0162: Unreachable code detected

Assets\Scripts\Clases\Purificadora\Habilidades\REPRESENTACIONFervorConjunto.cs(73,9): warning CS0162: Unreachable code detected

Assets\Scripts\Clases\Purificadora\Habilidades\LuzCegadora.cs(199,7): warning CS0162: Unreachable code detected

Assets\Scripts\Clases\Purificadora\Habilidades\ReaccionCastigarMalvados.cs(36,31): warning CS1998: This async method lacks 'await' operators and will run synchronously. Consider using the 'await' operator to await non-blocking API calls, or 'await Task.Run(...)' to do CPU-bound work on a background thread.

Assets\Scripts\Clases\Purificadora\Habilidades\EscudodeFe.cs(182,7): warning CS0162: Unreachable code detected

Assets\Scripts\Clases\Purificadora\Habilidades\LuzCegadora.cs(374,9): warning CS4014: Because this call is not awaited, execution of the current method continues before the call is completed. Consider applying the 'await' operator to the result of the call.

Assets\Scripts\Clases\Purificadora\Habilidades\REPRESENTACIONEcosDivinos.cs(328,7): warning CS0162: Unreachable code detected

Assets\Scripts\Clases\Purificadora\Habilidades\REPRESENTACIONAuraSagrada.cs(324,7): warning CS0162: Unreachable code detected

Assets\Scripts\Clases\Purificadora\Habilidades\LlamaDivina.cs(203,7): warning CS0162: Unreachable code detected

Assets\Scripts\Clases\Purificadora\Habilidades\PilaresDeLuz.cs(154,7): warning CS0162: Unreachable code detected

Assets\Scripts\Clases\Purificadora\Habilidades\Purificacion.cs(155,7): warning CS0162: Unreachable code detected

Assets\Scripts\Clases\Purificadora\Habilidades\PilaresDeLuz.cs(379,32): warning CS1998: This async method lacks 'await' operators and will run synchronously. Consider using the 'await' operator to await non-blocking API calls, or 'await Task.Run(...)' to do CPU-bound work on a background thread.

Assets\Scripts\Clases\Purificadora\Habilidades\SalmoPurificador.cs(157,5): warning CS0162: Unreachable code detected

Assets\Scripts\Clases\Purificadora\_ItemsExclusivos\Armas\Baculo Purificador\Raro_BaculoDeLlamaSacra\AtaqueBaculoLlamaSacra.cs(149,5): warning CS0162: Unreachable code detected

Assets\Scripts\Estados.cs(28,28): warning CS1998: This async method lacks 'await' operators and will run synchronously. Consider using the 'await' operator to await non-blocking API calls, or 'await Task.Run(...)' to do CPU-bound work on a background thread.

Assets\Scripts\Clases\Purificadora\Habilidades\SalmoPurificador.cs(380,32): warning CS1998: This async method lacks 'await' operators and will run synchronously. Consider using the 'await' operator to await non-blocking API calls, or 'await Task.Run(...)' to do CPU-bound work on a background thread.

Assets\Scripts\Estados.cs(67,8): warning CS4014: Because this call is not awaited, execution of the current method continues before the call is completed. Consider applying the 'await' operator to the result of the call.

Assets\Scripts\Estados.cs(79,5): warning CS4014: Because this call is not awaited, execution of the current method continues before the call is completed. Consider applying the 'await' operator to the result of the call.

Assets\Scripts\Estados.cs(180,32): warning CS4014: Because this call is not awaited, execution of the current method continues before the call is completed. Consider applying the 'await' operator to the result of the call.

Assets\Scripts\Estados.cs(209,9): warning CS4014: Because this call is not awaited, execution of the current method continues before the call is completed. Consider applying the 'await' operator to the result of the call.

Assets\Scripts\Estados.cs(213,13): warning CS4014: Because this call is not awaited, execution of the current method continues before the call is completed. Consider applying the 'await' operator to the result of the call.

Assets\Scripts\Estados.cs(228,8): warning CS4014: Because this call is not awaited, execution of the current method continues before the call is completed. Consider applying the 'await' operator to the result of the call.

Assets\Scripts\Estados.cs(233,6): warning CS4014: Because this call is not awaited, execution of the current method continues before the call is completed. Consider applying the 'await' operator to the result of the call.

Assets\Scripts\Estados.cs(249,7): warning CS4014: Because this call is not awaited, execution of the current method continues before the call is completed. Consider applying the 'await' operator to the result of the call.

Assets\Scripts\Estados.cs(252,13): warning CS4014: Because this call is not awaited, execution of the current method continues before the call is completed. Consider applying the 'await' operator to the result of the call.

Assets\Scripts\Estados.cs(268,9): warning CS4014: Because this call is not awaited, execution of the current method continues before the call is completed. Consider applying the 'await' operator to the result of the call.

Assets\Scripts\Estados.cs(273,13): warning CS4014: Because this call is not awaited, execution of the current method continues before the call is completed. Consider applying the 'await' operator to the result of the call.

Assets\Scripts\Estados.cs(288,9): warning CS4014: Because this call is not awaited, execution of the current method continues before the call is completed. Consider applying the 'await' operator to the result of the call.

Assets\Scripts\Estados.cs(293,13): warning CS4014: Because this call is not awaited, execution of the current method continues before the call is completed. Consider applying the 'await' operator to the result of the call.

Assets\Scripts\Estados.cs(309,8): warning CS4014: Because this call is not awaited, execution of the current method continues before the call is completed. Consider applying the 'await' operator to the result of the call.

Assets\Scripts\Estados.cs(313,12): warning CS4014: Because this call is not awaited, execution of the current method continues before the call is completed. Consider applying the 'await' operator to the result of the call.

Assets\Scripts\Estados.cs(328,8): warning CS4014: Because this call is not awaited, execution of the current method continues before the call is completed. Consider applying the 'await' operator to the result of the call.

Assets\Scripts\Estados.cs(331,12): warning CS4014: Because this call is not awaited, execution of the current method continues before the call is completed. Consider applying the 'await' operator to the result of the call.

Assets\Scripts\Estados.cs(354,7): warning CS4014: Because this call is not awaited, execution of the current method continues before the call is completed. Consider applying the 'await' operator to the result of the call.

Assets\Scripts\Habilidades\TerminoHoverPopup.cs(74,5): warning CS0618: 'TMP_Text.enableWordWrapping' is obsolete: 'The enabledWordWrapping property is now obsolete. Please use the textWrappingMode property instead.'

Assets\Scripts\Sistema\HandicapDificultad.cs(114,22): warning CS0618: 'Object.FindObjectsOfType<T>()' is obsolete: 'Object.FindObjectsOfType has been deprecated. Use Object.FindObjectsByType instead which lets you decide whether you need the results sorted or not.  FindObjectsOfType sorts the results by InstanceID but if you do not need this using FindObjectSortMode.None is considerably faster.'

Assets\Scripts\Habilidades\Habilidades IA\IAHabilidad.cs(676,7): warning CS4014: Because this call is not awaited, execution of the current method continues before the call is completed. Consider applying the 'await' operator to the result of the call.

Assets\Scripts\Tutorial\TutorialDirector.cs(121,63): warning CS0618: 'Object.FindObjectOfType<T>(bool)' is obsolete: 'Object.FindObjectOfType has been deprecated. Use Object.FindFirstObjectByType instead or if finding any instance is acceptable the faster Object.FindAnyObjectByType'

Assets\Scripts\Tutorial\TutorialDirector.cs(164,63): warning CS0618: 'Object.FindObjectOfType<T>(bool)' is obsolete: 'Object.FindObjectOfType has been deprecated. Use Object.FindFirstObjectByType instead or if finding any instance is acceptable the faster Object.FindAnyObjectByType'

Assets\Scripts\Tutorial\TutorialDirector.cs(193,63): warning CS0618: 'Object.FindObjectOfType<T>(bool)' is obsolete: 'Object.FindObjectOfType has been deprecated. Use Object.FindFirstObjectByType instead or if finding any instance is acceptable the faster Object.FindAnyObjectByType'

Assets\Scripts\Tutorial\TutorialPresenter.cs(444,25): warning CS0618: 'Object.FindObjectOfType<T>(bool)' is obsolete: 'Object.FindObjectOfType has been deprecated. Use Object.FindFirstObjectByType instead or if finding any instance is acceptable the faster Object.FindAnyObjectByType'

Assets\Scripts\Tutorial\TutorialDirector.cs(639,19): warning CS0618: 'Object.FindObjectOfType<T>(bool)' is obsolete: 'Object.FindObjectOfType has been deprecated. Use Object.FindFirstObjectByType instead or if finding any instance is acceptable the faster Object.FindAnyObjectByType'

Assets\Scripts\Habilidades\Habilidad.cs(1621,7): warning CS4014: Because this call is not awaited, execution of the current method continues before the call is completed. Consider applying the 'await' operator to the result of the call.

Assets\Scripts\IAUnidad.cs(1289,13): warning CS0184: The given expression is never of the provided ('DestruirObstaculo') type

Assets\Scripts\UI\BotonHabilidad.cs(710,17): warning CS4014: Because this call is not awaited, execution of the current method continues before the call is completed. Consider applying the 'await' operator to the result of the call.

Assets\Scripts\UI\BotonHabilidad.cs(725,19): warning CS4014: Because this call is not awaited, execution of the current method continues before the call is completed. Consider applying the 'await' operator to the result of the call.

Assets\Scripts\UI\BotonHabilidad.cs(730,19): warning CS4014: Because this call is not awaited, execution of the current method continues before the call is completed. Consider applying the 'await' operator to the result of the call.

Assets\Scripts\UI\BotonHabilidad.cs(735,19): warning CS4014: Because this call is not awaited, execution of the current method continues before the call is completed. Consider applying the 'await' operator to the result of the call.

Assets\Scripts\UI\BotonHabilidad.cs(741,21): warning CS4014: Because this call is not awaited, execution of the current method continues before the call is completed. Consider applying the 'await' operator to the result of the call.

Assets\Scripts\UI\BotonHabilidad.cs(750,21): warning CS4014: Because this call is not awaited, execution of the current method continues before the call is completed. Consider applying the 'await' operator to the result of the call.

Assets\Scripts\UI\BotonHabilidad.cs(758,19): warning CS4014: Because this call is not awaited, execution of the current method continues before the call is completed. Consider applying the 'await' operator to the result of the call.

Assets\Scripts\UI\BotonHabilidad.cs(763,19): warning CS4014: Because this call is not awaited, execution of the current method continues before the call is completed. Consider applying the 'await' operator to the result of the call.

Assets\Scripts\UI\ScreenFlash.cs(55,28): warning CS0618: 'Object.FindObjectOfType<T>()' is obsolete: 'Object.FindObjectOfType has been deprecated. Use Object.FindFirstObjectByType instead or if finding any instance is acceptable the faster Object.FindAnyObjectByType'

Assets\Scripts\Visual\VisualPolishRuntime.cs(197,25): warning CS0618: 'Object.FindObjectsOfType<T>(bool)' is obsolete: 'Object.FindObjectsOfType has been deprecated. Use Object.FindObjectsByType instead which lets you decide whether you need the results sorted or not.  FindObjectsOfType sorts the results by InstanceID but if you do not need this using FindObjectSortMode.None is considerably faster.'

Assets\SunController.cs(83,13): warning CS0618: 'Light.cookieSize' is obsolete: 'Light.cookieSize has been deprecated. Use Light.cookieSize2D instead.'

Assets\TooltipBatalla.cs(189,9): warning CS0618: 'TMP_Text.enableWordWrapping' is obsolete: 'The enabledWordWrapping property is now obsolete. Please use the textWrappingMode property instead.'

Assets\Scripts\Visual\VisualPolishRuntime.cs(597,24): warning CS0618: 'Object.FindObjectsOfType<T>(bool)' is obsolete: 'Object.FindObjectsOfType has been deprecated. Use Object.FindObjectsByType instead which lets you decide whether you need the results sorted or not.  FindObjectsOfType sorts the results by InstanceID but if you do not need this using FindObjectSortMode.None is considerably faster.'

Assets\Scripts\Visual\VisualPolishRuntime.cs(667,35): warning CS0618: 'Object.FindObjectsOfType<T>(bool)' is obsolete: 'Object.FindObjectsOfType has been deprecated. Use Object.FindObjectsByType instead which lets you decide whether you need the results sorted or not.  FindObjectsOfType sorts the results by InstanceID but if you do not need this using FindObjectSortMode.None is considerably faster.'

Assets\Scripts\Visual\VisualPolishRuntime.cs(680,24): warning CS0618: 'Object.FindObjectsOfType<T>(bool)' is obsolete: 'Object.FindObjectsOfType has been deprecated. Use Object.FindObjectsByType instead which lets you decide whether you need the results sorted or not.  FindObjectsOfType sorts the results by InstanceID but if you do not need this using FindObjectSortMode.None is considerably faster.'

Assets\Scripts\Unidad.cs(2266,5): warning CS4014: Because this call is not awaited, execution of the current method continues before the call is completed. Consider applying the 'await' operator to the result of the call.

Assets\Scripts\Unidad.cs(3409,15): warning CS4014: Because this call is not awaited, execution of the current method continues before the call is completed. Consider applying the 'await' operator to the result of the call.

Assets\Scripts\Unidad.cs(3429,11): warning CS4014: Because this call is not awaited, execution of the current method continues before the call is completed. Consider applying the 'await' operator to the result of the call.

Assets\Scripts\Unidad.cs(3630,11): warning CS4014: Because this call is not awaited, execution of the current method continues before the call is completed. Consider applying the 'await' operator to the result of the call.

Assets\Scripts\Unidad.cs(3801,9): warning CS4014: Because this call is not awaited, execution of the current method continues before the call is completed. Consider applying the 'await' operator to the result of the call.

Assets\Scripts\Unidad.cs(4181,5): warning CS4014: Because this call is not awaited, execution of the current method continues before the call is completed. Consider applying the 'await' operator to the result of the call.

Assets\Scripts\Unidad.cs(4404,9): warning CS4014: Because this call is not awaited, execution of the current method continues before the call is completed. Consider applying the 'await' operator to the result of the call.

Assets\Scripts\Unidad.cs(5129,3): warning CS4014: Because this call is not awaited, execution of the current method continues before the call is completed. Consider applying the 'await' operator to the result of the call.

Assets\Scripts\Unidad.cs(5168,4): warning CS4014: Because this call is not awaited, execution of the current method continues before the call is completed. Consider applying the 'await' operator to the result of the call.

Assets\Scripts\Unidad.cs(5880,9): warning CS4014: Because this call is not awaited, execution of the current method continues before the call is completed. Consider applying the 'await' operator to the result of the call.

Assets\Scripts\Unidad.cs(5885,9): warning CS4014: Because this call is not awaited, execution of the current method continues before the call is completed. Consider applying the 'await' operator to the result of the call.

Assets\Scripts\Unidad.cs(5966,7): warning CS4014: Because this call is not awaited, execution of the current method continues before the call is completed. Consider applying the 'await' operator to the result of the call.

Assets\TRADU.cs(15272,18): warning CS0618: 'Object.FindObjectsOfType<T>(bool)' is obsolete: 'Object.FindObjectsOfType has been deprecated. Use Object.FindObjectsByType instead which lets you decide whether you need the results sorted or not.  FindObjectsOfType sorts the results by InstanceID but if you do not need this using FindObjectSortMode.None is considerably faster.'

Assets\Prefabs\Prefabs NPC\ZONA - Paso Viento Helado\Salvajes\Pajaro Rompe-hielos\IALevantarVuelo.cs(17,34): warning CS0414: The field 'IALevantarVuelo.tipoDanio' is assigned but its value is never used

Assets\Scripts\Clases\Acechador\Habilidades\Distraer.cs(15,34): warning CS0414: The field 'Distraer.XdDanio' is assigned but its value is never used

Assets\Prefabs\Prefabs NPC\ZONA - Bosque de los Lamentos\DriadaQuemada\Enredar.cs(16,34): warning CS0414: The field 'Enredar.daniodX' is assigned but its value is never used

Assets\Scripts\Clases\Canalizador\Habilidades\DescargaDePoder.cs(17,34): warning CS0414: The field 'DescargaDePoder.criticoRangoHab' is assigned but its value is never used

Assets\Prefabs\Prefabs NPC\SUBTERRANEOS\Vagranilo\IAChirridoVagranilo.cs(14,34): warning CS0414: The field 'IAChirridoVagranilo.bonusAtaque' is assigned but its value is never used

Assets\Scripts\Clases\Acechador\Habilidades\Distraer.cs(16,34): warning CS0414: The field 'Distraer.daniodX' is assigned but its value is never used

Assets\Prefabs\Prefabs NPC\ZONA - Paso Viento Helado\Kale'Tav\Gulek-Gul\IALevantarMartillo.cs(14,32): warning CS0414: The field 'IALevantarMartillo.bonusAtaque' is assigned but its value is never used

Assets\Scripts\Clases\Acechador\Habilidades\Distraer.cs(17,34): warning CS0414: The field 'Distraer.criticoRangoHab' is assigned but its value is never used

Assets\Prefabs\Prefabs NPC\ZONA - Paso Viento Helado\Kale'Tav\Bruja\FerenesiDeAsesinato.cs(17,34): warning CS0414: The field 'FerenesiDeAsesinato.tipoDanio' is assigned but its value is never used

Assets\Prefabs\Prefabs NPC\ZONA - Bosque de los Lamentos\DriadaQuemada\Enredar.cs(17,34): warning CS0414: The field 'Enredar.tipoDanio' is assigned but its value is never used

Assets\Prefabs\Prefabs NPC\ZONA - Paso Viento Helado\Salvajes\Pajaro Rompe-hielos\IALevantarVuelo.cs(14,34): warning CS0414: The field 'IALevantarVuelo.bonusAtaque' is assigned but its value is never used

Assets\Scripts\Clases\Purificadora\Habilidades\Purificacion.cs(279,10): warning CS0414: The field 'Purificacion.seTiroFlechaVFX' is assigned but its value is never used

Assets\Prefabs\Prefabs NPC\ZONA - Paso Viento Helado\Kale'Tav\Gulek-Gul\IADebatirTacticas.cs(17,32): warning CS0414: The field 'IADebatirTacticas.tipoDanio' is assigned but its value is never used

Assets\Prefabs\Prefabs NPC\ZONA - Paso Viento Helado\Salvajes\Pajaro Rompe-hielos\IALevantarVuelo.cs(15,34): warning CS0414: The field 'IALevantarVuelo.XdDanio' is assigned but its value is never used

Assets\Prefabs\Prefabs NPC\ZONA - Paso Viento Helado\Kale'Tav\Gulek-Gul\IADebatirTacticas.cs(16,32): warning CS0414: The field 'IADebatirTacticas.daniodX' is assigned but its value is never used

Assets\Prefabs\Prefabs NPC\ZONA - Paso Viento Helado\Kale'Tav\Bruja\IAAtaqueCuervo.cs(16,34): warning CS0414: The field 'IAAtaqueCuervo.daniodX' is assigned but its value is never used

Assets\Prefabs\Prefabs NPC\ZONA - Bosque de los Lamentos\EspectrodelBosque\Perdicion.cs(14,32): warning CS0414: The field 'Perdicion.tipoDanio' is assigned but its value is never used

Assets\Prefabs\Prefabs NPC\BANDIDOS\Ladr├│n\LadronEnvenenarArma.cs(14,32): warning CS0414: The field 'LadronEnvenenarArma.bonusAtaque' is assigned but its value is never used

Assets\Scripts\Clases\Purificadora\Habilidades\LuzCegadora.cs(361,10): warning CS0414: The field 'LuzCegadora.seTiroFlechaVFX' is assigned but its value is never used

Assets\Prefabs\Prefabs NPC\ZONA - Paso Viento Helado\Kale'Tav\Gulek-Gul\IALevantarMartillo.cs(16,32): warning CS0414: The field 'IALevantarMartillo.daniodX' is assigned but its value is never used

Assets\Prefabs\Prefabs NPC\ZONA - Bosque de los Lamentos\DriadaQuemada\CariciadelBosque.cs(16,34): warning CS0414: The field 'CariciadelBosque.daniodX' is assigned but its value is never used

Assets\Prefabs\Prefabs NPC\ZONA - Paso Viento Helado\Kale'Tav\Bruja\FerenesiDeAsesinato.cs(14,34): warning CS0414: The field 'FerenesiDeAsesinato.bonusAtaque' is assigned but its value is never used

Assets\Prefabs\Prefabs NPC\ZONA - Bosque de los Lamentos\EspectrodelBosque\Perdicion.cs(13,32): warning CS0414: The field 'Perdicion.daniodX' is assigned but its value is never used

Assets\EdgePanCameraX.cs(49,36): warning CS0414: The field 'EdgePanCameraZ.zoomInFovDelta' is assigned but its value is never used

Assets\Prefabs\Prefabs NPC\BANDIDOS\Ladr├│n\LadronEnvenenarArma.cs(17,32): warning CS0414: The field 'LadronEnvenenarArma.tipoDanio' is assigned but its value is never used

Assets\Scripts\Habilidades\RetrasarTurno.cs(13,34): warning CS0414: The field 'RetrasarTurno.XdDanio' is assigned but its value is never used

Assets\Prefabs\Prefabs NPC\ZONA - Nedukazal\Zarkil\Zarkilever\IALenguetazo.cs(14,36): warning CS0414: The field 'IALenguetazo.vfxDuracion' is assigned but its value is never used

Assets\Prefabs\Prefabs NPC\ZONA - Paso Viento Helado\Kale'Tav\Bruja\IAAtaqueCuervo.cs(14,34): warning CS0414: The field 'IAAtaqueCuervo.bonusAtaque' is assigned but its value is never used

Assets\Scripts\Clases\Acechador\Habilidades\Distraer.cs(18,34): warning CS0414: The field 'Distraer.tipoDanio' is assigned but its value is never used

Assets\Scripts\Clases\Purificadora\Habilidades\LuzCegadora.cs(15,34): warning CS0414: The field 'LuzCegadora.XdDanio' is assigned but its value is never used

Assets\Scripts\Clases\Purificadora\Habilidades\Purificacion.cs(17,34): warning CS0414: The field 'Purificacion.tipoDanio' is assigned but its value is never used

Assets\Scripts\Clases\Purificadora\Habilidades\Purificacion.cs(15,34): warning CS0414: The field 'Purificacion.daniodX' is assigned but its value is never used

Assets\Prefabs\Prefabs NPC\SUBTERRANEOS\Vagranilo\IAChirridoVagranilo.cs(17,34): warning CS0414: The field 'IAChirridoVagranilo.tipoDanio' is assigned but its value is never used

Assets\Scripts\UI\UIInfoChar.cs(11,34): warning CS0414: The field 'UIInfoChar.posicionAliadoTop' is assigned but its value is never used

Assets\Scripts\Clases\Explorador\Habilidades\ImprovisarFlechas.cs(13,26): warning CS0414: The field 'ImprovisarFlechas.usosBatalla' is assigned but its value is never used

Assets\Scripts\Habilidades\RetrasarTurno.cs(15,34): warning CS0414: The field 'RetrasarTurno.tipoDanio' is assigned but its value is never used

Assets\Prefabs\Prefabs NPC\ZONA - Bosque de los Lamentos\EspectrodelBosque\Perdicion.cs(12,32): warning CS0414: The field 'Perdicion.XdDanio' is assigned but its value is never used

Assets\Prefabs\Prefabs NPC\ZONA - Bosque de los Lamentos\DriadaQuemada\Enredar.cs(15,34): warning CS0414: The field 'Enredar.XdDanio' is assigned but its value is never used

Assets\Prefabs\Prefabs NPC\BANDIDOS\Ladr├│n\LadronEnvenenarArma.cs(16,32): warning CS0414: The field 'LadronEnvenenarArma.daniodX' is assigned but its value is never used

Assets\Scripts\Habilidades\RetrasarTurno.cs(14,34): warning CS0414: The field 'RetrasarTurno.daniodX' is assigned but its value is never used

Assets\Prefabs\Prefabs NPC\ZONA - Paso Viento Helado\Kale'Tav\Gulek-Gul\IALevantarMartillo.cs(17,32): warning CS0414: The field 'IALevantarMartillo.tipoDanio' is assigned but its value is never used

Assets\Prefabs\Prefabs NPC\ZONA - Paso Viento Helado\Salvajes\Pajaro Rompe-hielos\IALevantarVuelo.cs(16,34): warning CS0414: The field 'IALevantarVuelo.daniodX' is assigned but its value is never used

Assets\Prefabs\Prefabs NPC\ZONA - Paso Viento Helado\Kale'Tav\Bruja\FerenesiDeAsesinato.cs(15,34): warning CS0414: The field 'FerenesiDeAsesinato.XdDanio' is assigned but its value is never used

Assets\Prefabs\Prefabs NPC\ZONA - Paso Viento Helado\Kale'Tav\Gulek-Gul\IADebatirTacticas.cs(15,32): warning CS0414: The field 'IADebatirTacticas.XdDanio' is assigned but its value is never used

Assets\Prefabs\Prefabs NPC\ZONA - Bosque de los Lamentos\DriadaQuemada\CariciadelBosque.cs(17,34): warning CS0414: The field 'CariciadelBosque.tipoDanio' is assigned but its value is never used

Assets\Prefabs\Prefabs NPC\ZONA - Paso Viento Helado\Kale'Tav\Bruja\IAAtaqueCuervo.cs(15,34): warning CS0414: The field 'IAAtaqueCuervo.XdDanio' is assigned but its value is never used

Assets\Scripts\Habilidades\BoladeFuego.cs(15,34): warning CS0414: The field 'BoladeFuego.criticoRangoHab' is assigned but its value is never used

Assets\Prefabs\Prefabs NPC\ZONA - Bosque de los Lamentos\DriadaQuemada\CariciadelBosque.cs(14,34): warning CS0414: The field 'CariciadelBosque.bonusAtaque' is assigned but its value is never used

Assets\Prefabs\Prefabs NPC\ZONA - Paso Viento Helado\Kale'Tav\Gulek-Gul\IADebatirTacticas.cs(14,32): warning CS0414: The field 'IADebatirTacticas.bonusAtaque' is assigned but its value is never used

Assets\Prefabs\Prefabs NPC\SUBTERRANEOS\Vagranilo\IAChirridoVagranilo.cs(15,34): warning CS0414: The field 'IAChirridoVagranilo.XdDanio' is assigned but its value is never used

Assets\Scripts\Clases\Purificadora\Habilidades\Purificacion.cs(14,34): warning CS0414: The field 'Purificacion.XdDanio' is assigned but its value is never used

Assets\Prefabs\Prefabs NPC\ZONA - Paso Viento Helado\Kale'Tav\Bruja\FerenesiDeAsesinato.cs(16,34): warning CS0414: The field 'FerenesiDeAsesinato.daniodX' is assigned but its value is never used

Assets\Scripts\Campania\CaravanTorchLight.cs(11,53): warning CS0414: The field 'CaravanTorchLight.alturaSobreCaravana' is assigned but its value is never used

Assets\Prefabs\Prefabs NPC\BANDIDOS\Ladr├│n\LadronEnvenenarArma.cs(15,32): warning CS0414: The field 'LadronEnvenenarArma.XdDanio' is assigned but its value is never used

Assets\Prefabs\Prefabs NPC\ZONA - Paso Viento Helado\Kale'Tav\Bruja\IAAtaqueCuervo.cs(17,34): warning CS0414: The field 'IAAtaqueCuervo.tipoDanio' is assigned but its value is never used

Assets\Prefabs\Prefabs NPC\SUBTERRANEOS\Vagranilo\IAChirridoVagranilo.cs(16,34): warning CS0414: The field 'IAChirridoVagranilo.daniodX' is assigned but its value is never used

Assets\Prefabs\Prefabs NPC\ZONA - Paso Viento Helado\Kale'Tav\Gulek-Gul\IALevantarMartillo.cs(15,32): warning CS0414: The field 'IALevantarMartillo.XdDanio' is assigned but its value is never used

Assets\Scripts\Habilidades\RetrasarTurno.cs(12,34): warning CS0414: The field 'RetrasarTurno.bonusAtaque' is assigned but its value is never used

Assets\Prefabs\Prefabs NPC\ZONA - Bosque de los Lamentos\DriadaQuemada\Enredar.cs(14,34): warning CS0414: The field 'Enredar.bonusAtaque' is assigned but its value is never used

Assets\Prefabs\Prefabs NPC\ZONA - Bosque de los Lamentos\DriadaQuemada\CariciadelBosque.cs(15,34): warning CS0414: The field 'CariciadelBosque.XdDanio' is assigned but its value is never used

Assets\Prefabs\Prefabs NPC\ZONA - Bosque de los Lamentos\EspectrodelBosque\Perdicion.cs(11,32): warning CS0414: The field 'Perdicion.bonusAtaque' is assigned but its value is never used

Assets\Scripts\Clases\Purificadora\Habilidades\LuzCegadora.cs(16,34): warning CS0414: The field 'LuzCegadora.daniodX' is assigned but its value is never used

Assets\Scripts\Clases\Acechador\Habilidades\Distraer.cs(14,34): warning CS0414: The field 'Distraer.bonusAtaque' is assigned but its value is never used
[529/534    0s] CopyFiles Library/ScriptAssemblies/Assembly-CSharp.pdb
[530/534    0s] CopyFiles Library/ScriptAssemblies/Assembly-CSharp.dll
[531/534    2s] Csc Library/Bee/artifacts/1900b0aE.dag/Assembly-CSharp-Editor.dll (+2 others)
[532/534    0s] CopyFiles Library/ScriptAssemblies/Assembly-CSharp-Editor.pdb
[533/534    0s] CopyFiles Library/ScriptAssemblies/Assembly-CSharp-Editor.dll
*** Tundra build success (17.63 seconds), 7 items updated, 534 evaluated
Assets\Scripts\UI\UIEstadoCuadro.cs(8,7): warning CS0105: The using directive for 'System.Collections.Generic' appeared previously in this namespace
Assets\IAUnidadEspectroBosque.cs(37,13): warning CS4014: Because this call is not awaited, execution of the current method continues before the call is completed. Consider applying the 'await' operator to the result of the call.
Assets\IAUnidadEspectroBosque.cs(48,13): warning CS4014: Because this call is not awaited, execution of the current method continues before the call is completed. Consider applying the 'await' operator to the result of the call.
Assets\LogDeCampania.cs(464,13): warning CS0618: 'TMP_Text.enableKerning' is obsolete: 'The "enableKerning" property has been deprecated. Use the "fontFeatures" property to control what features are enabled on the text component.'
Assets\LogDeCampania.cs(464,35): warning CS0618: 'TMP_Text.enableKerning' is obsolete: 'The "enableKerning" property has been deprecated. Use the "fontFeatures" property to control what features are enabled on the text component.'
Assets\MapDecorator.cs(916,25): warning CS0618: 'Object.FindObjectsOfType<T>(bool)' is obsolete: 'Object.FindObjectsOfType has been deprecated. Use Object.FindObjectsByType instead which lets you decide whether you need the results sorted or not.  FindObjectsOfType sorts the results by InstanceID but if you do not need this using FindObjectSortMode.None is considerably faster.'
Assets\MapDecorator.cs(933,25): warning CS0618: 'Object.FindObjectsOfType<T>(bool)' is obsolete: 'Object.FindObjectsOfType has been deprecated. Use Object.FindObjectsByType instead which lets you decide whether you need the results sorted or not.  FindObjectsOfType sorts the results by InstanceID but if you do not need this using FindObjectSortMode.None is considerably faster.'
Assets\MapDecorator.cs(1003,21): warning CS0618: 'Object.FindObjectsOfType<T>()' is obsolete: 'Object.FindObjectsOfType has been deprecated. Use Object.FindObjectsByType instead which lets you decide whether you need the results sorted or not.  FindObjectsOfType sorts the results by InstanceID but if you do not need this using FindObjectSortMode.None is considerably faster.'
Assets\AsentamientoManager.cs(1517,16): warning CS0618: 'Object.FindObjectOfType<T>()' is obsolete: 'Object.FindObjectOfType has been deprecated. Use Object.FindFirstObjectByType instead or if finding any instance is acceptable the faster Object.FindAnyObjectByType'
Assets\Prefabs\Prefabs NPC\BANDIDOS\Rufián con Mazo\EnemigoUnidadRufianMazo.cs(11,32): warning CS1998: This async method lacks 'await' operators and will run synchronously. Consider using the 'await' operator to await non-blocking API calls, or 'await Task.Run(...)' to do CPU-bound work on a background thread.
Assets\AsentamientoManager.cs(1577,9): warning CS0618: 'TMP_Text.enableWordWrapping' is obsolete: 'The enabledWordWrapping property is now obsolete. Please use the textWrappingMode property instead.'
Assets\Prefabs\Prefabs NPC\VENGADORES DE KADRYN\Alabardero\IAPrimerGolpeAlabardero.cs(107,12): warning CS0219: The variable 'unidadEmpujada' is assigned but its value is never used
Assets\Prefabs\Prefabs NPC\VENGADORES DE KADRYN\Alabardero\IAPrimerGolpeAlabardero.cs(66,30): warning CS1998: This async method lacks 'await' operators and will run synchronously. Consider using the 'await' operator to await non-blocking API calls, or 'await Task.Run(...)' to do CPU-bound work on a background thread.
Assets\Prefabs\Prefabs NPC\VENGADORES DE KADRYN\TrampaAlientoNegro\ReaccionVengadorKadryn.cs(26,30): warning CS1998: This async method lacks 'await' operators and will run synchronously. Consider using the 'await' operator to await non-blocking API calls, or 'await Task.Run(...)' to do CPU-bound work on a background thread.
Assets\Prefabs\Prefabs NPC\ZONA - Bosque de los Lamentos\ArbolMaldito\IACondenaRaices.cs(97,7): warning CS4014: Because this call is not awaited, execution of the current method continues before the call is completed. Consider applying the 'await' operator to the result of the call.
Assets\Prefabs\Prefabs NPC\ZONA - Bosque de los Lamentos\Bruja Quemada\IACondenaFerozBruja.cs(110,5): warning CS4014: Because this call is not awaited, execution of the current method continues before the call is completed. Consider applying the 'await' operator to the result of the call.
Assets\Prefabs\Prefabs NPC\ZONA - Bosque de los Lamentos\RaizArdiendo\IAEnterrarRaizFuego.cs(120,5): warning CS4014: Because this call is not awaited, execution of the current method continues before the call is completed. Consider applying the 'await' operator to the result of the call.
Assets\Prefabs\Prefabs NPC\ZONA - Nedukazal\Zarkil\Zarkil Guerrero\IAMiradadeMasacre.cs(61,30): warning CS1998: This async method lacks 'await' operators and will run synchronously. Consider using the 'await' operator to await non-blocking API calls, or 'await Task.Run(...)' to do CPU-bound work on a background thread.
Assets\Prefabs\Prefabs NPC\ZONA - Nedukazal\Zarkil\Zarkil Guerrero\MiradaMasacre\TrampaMiradamasacre.cs(60,9): warning CS4014: Because this call is not awaited, execution of the current method continues before the call is completed. Consider applying the 'await' operator to the result of the call.
Assets\Prefabs\Prefabs NPC\ZONA - Paso Viento Helado\Kale'Tav\Bruja\IAAtaqueCuervo.cs(68,5): warning CS4014: Because this call is not awaited, execution of the current method continues before the call is completed. Consider applying the 'await' operator to the result of the call.
Assets\Prefabs\Prefabs NPC\ZONA - Paso Viento Helado\Kale'Tav\Bruja\ReaccionAtaqueCuervo.cs(43,10): warning CS4014: Because this call is not awaited, execution of the current method continues before the call is completed. Consider applying the 'await' operator to the result of the call.
Assets\Prefabs\Prefabs NPC\ZONA - Paso Viento Helado\Kale'Tav\Efigie Animada\ReaccionEfigieAnimada.cs(43,11): warning CS4014: Because this call is not awaited, execution of the current method continues before the call is completed. Consider applying the 'await' operator to the result of the call.
Assets\Prefabs\Prefabs NPC\ZONA - Paso Viento Helado\Kale'Tav\Efigie Animada\ReaccionEfigieAnimada.cs(26,30): warning CS1998: This async method lacks 'await' operators and will run synchronously. Consider using the 'await' operator to await non-blocking API calls, or 'await Task.Run(...)' to do CPU-bound work on a background thread.
Assets\Prefabs\Prefabs NPC\ZONA - Nedukazal\Zarkil\Zarkilever\IAGarraZarkilever.cs(168,9): warning CS4014: Because this call is not awaited, execution of the current method continues before the call is completed. Consider applying the 'await' operator to the result of the call.
Assets\Prefabs\Prefabs NPC\ZONA - Paso Viento Helado\Salvajes\Faagdan\IAEmbestidaFaagdan.cs(153,7): warning CS4014: Because this call is not awaited, execution of the current method continues before the call is completed. Consider applying the 'await' operator to the result of the call.
Assets\Scripts\Buff.cs(240,17): warning CS4014: Because this call is not awaited, execution of the current method continues before the call is completed. Consider applying the 'await' operator to the result of the call.
Assets\Scripts\Buff.cs(244,17): warning CS4014: Because this call is not awaited, execution of the current method continues before the call is completed. Consider applying the 'await' operator to the result of the call.
Assets\Scripts\Buff.cs(416,9): warning CS4014: Because this call is not awaited, execution of the current method continues before the call is completed. Consider applying the 'await' operator to the result of the call.
Assets\Scripts\Campania\MenuCaravana.cs(551,13): warning CS0162: Unreachable code detected
Assets\Scripts\Campania\NieblaGuerraCaravana.cs(92,31): warning CS0618: 'Object.FindObjectsOfType<T>()' is obsolete: 'Object.FindObjectsOfType has been deprecated. Use Object.FindObjectsByType instead which lets you decide whether you need the results sorted or not.  FindObjectsOfType sorts the results by InstanceID but if you do not need this using FindObjectSortMode.None is considerably faster.'
Assets\Scripts\Campania\MenuBatallas.cs(1455,5): warning CS0162: Unreachable code detected
Assets\Scripts\Campania\CampaignManager.cs(3103,7): warning CS0162: Unreachable code detected
Assets\Scripts\Campania\Personajes\btnPersonaje.cs(802,32): warning CS0618: 'Object.FindObjectsOfType<T>()' is obsolete: 'Object.FindObjectsOfType has been deprecated. Use Object.FindObjectsByType instead which lets you decide whether you need the results sorted or not.  FindObjectsOfType sorts the results by InstanceID but if you do not need this using FindObjectSortMode.None is considerably faster.'
Assets\Scripts\Clases\Acechador\Habilidades\Abrojos\Abrojo.cs(31,31): warning CS1998: This async method lacks 'await' operators and will run synchronously. Consider using the 'await' operator to await non-blocking API calls, or 'await Task.Run(...)' to do CPU-bound work on a background thread.
Assets\Scripts\Clases\Acechador\Habilidades\ArrojarAbrojos.cs(107,7): warning CS0162: Unreachable code detected
Assets\Scripts\Clases\Acechador\Habilidades\BombaDeHumo.cs(106,7): warning CS0162: Unreachable code detected
Assets\Scripts\Clases\Acechador\Habilidades\AtaqueEspadaCorta.cs(128,7): warning CS0162: Unreachable code detected
Assets\Scripts\Clases\Acechador\Habilidades\BombaDeHumo.cs(197,30): warning CS1998: This async method lacks 'await' operators and will run synchronously. Consider using the 'await' operator to await non-blocking API calls, or 'await Task.Run(...)' to do CPU-bound work on a background thread.
Assets\Scripts\Clases\Acechador\Habilidades\ArrojarAbrojos.cs(236,32): warning CS1998: This async method lacks 'await' operators and will run synchronously. Consider using the 'await' operator to await non-blocking API calls, or 'await Task.Run(...)' to do CPU-bound work on a background thread.
Assets\Scripts\Casilla.cs(735,11): warning CS0618: 'Object.FindObjectOfType<T>()' is obsolete: 'Object.FindObjectOfType has been deprecated. Use Object.FindFirstObjectByType instead or if finding any instance is acceptable the faster Object.FindAnyObjectByType'
Assets\Scripts\Clases\Acechador\Habilidades\Asesinar.cs(144,5): warning CS0162: Unreachable code detected
Assets\Scripts\Clases\Acechador\Habilidades\HaciaLasSombras.cs(99,5): warning CS0162: Unreachable code detected
Assets\Scripts\Clases\Acechador\Habilidades\HaciaLasSombras.cs(188,30): warning CS1998: This async method lacks 'await' operators and will run synchronously. Consider using the 'await' operator to await non-blocking API calls, or 'await Task.Run(...)' to do CPU-bound work on a background thread.
Assets\Scripts\Clases\Acechador\Habilidades\Distraer.cs(127,5): warning CS0162: Unreachable code detected
Assets\Scripts\Clases\Acechador\Habilidades\CorteIncapacitante.cs(157,5): warning CS0162: Unreachable code detected
Assets\Scripts\Clases\Acechador\Habilidades\DisparoEnvenenado.cs(236,5): warning CS0162: Unreachable code detected
Assets\Scripts\Clases\Acechador\Habilidades\REPRESENTACIONMaestriaBallesta.cs(76,5): warning CS0162: Unreachable code detected
Assets\Scripts\Clases\Acechador\Habilidades\Asesinar.cs(458,11): warning CS0219: The variable 'rangoPlus' is assigned but its value is never used
Assets\Scripts\Clases\Acechador\Habilidades\Distraer.cs(294,11): warning CS0219: The variable 'rangoPlus' is assigned but its value is never used
Assets\Scripts\Clases\Acechador\Habilidades\REPRESENTACIONMaestriaEspadaCorta.cs(69,5): warning CS0162: Unreachable code detected
Assets\Scripts\Clases\Acechador\Habilidades\REPRESENTACIONSigiloso.cs(45,5): warning CS0162: Unreachable code detected
Assets\Scripts\Clases\Acechador\Habilidades\REPRESENTACIONMasacre.cs(75,5): warning CS0162: Unreachable code detected
Assets\Scripts\Clases\Acechador\Habilidades\REPRESENTACIONSueldo.cs(37,7): warning CS0162: Unreachable code detected
Assets\Scripts\Clases\Acechador\_ItemsExclusivos\Armas\Espada Corta\Infrecuente_Espada Corta Arcana\AtaqueEspadaCortaArcana.cs(129,7): warning CS0162: Unreachable code detected
Assets\Scripts\Clases\Acechador\_ItemsExclusivos\Armas\Espada Corta\Infrecuente_Espada Corta Filonegro\AtaqueEspadaCortaFilonegro.cs(127,7): warning CS0162: Unreachable code detected
Assets\Scripts\Clases\Acechador\Habilidades\TiroBallestaDeMano.cs(186,5): warning CS0162: Unreachable code detected
Assets\Scripts\Clases\Caballero\Habilidades\CorteVertical.cs(125,7): warning CS0162: Unreachable code detected
Assets\Scripts\Clases\Acechador\_ItemsExclusivos\Armas\Espada Corta\Rara_Espada Corta Consumevida\AtaqueEspadaCortaConsumevida.cs(124,7): warning CS0162: Unreachable code detected
Assets\Scripts\BattleManager.cs(5832,11): warning CS0618: 'Object.FindObjectOfType<T>()' is obsolete: 'Object.FindObjectOfType has been deprecated. Use Object.FindFirstObjectByType instead or if finding any instance is acceptable the faster Object.FindAnyObjectByType'
Assets\Scripts\Clases\Caballero\Habilidades\CorteHorizontal.cs(182,7): warning CS0162: Unreachable code detected
Assets\Scripts\Clases\Caballero\Habilidades\REPRESENTACIONArmaduraLimitante.cs(59,7): warning CS0162: Unreachable code detected
Assets\Scripts\Clases\Caballero\Habilidades\HombroConHombro.cs(160,7): warning CS0162: Unreachable code detected
Assets\Scripts\Clases\Caballero\Habilidades\PosturaDefensiva.cs(149,7): warning CS0162: Unreachable code detected
Assets\Scripts\Clases\Caballero\Habilidades\REPRESENTACIONCorajeInquebrantable.cs(63,7): warning CS0162: Unreachable code detected
Assets\Scripts\Clases\Caballero\Habilidades\PrimerosAuxilios.cs(152,7): warning CS0162: Unreachable code detected
Assets\Scripts\Clases\Caballero\Habilidades\Partir.cs(196,7): warning CS0162: Unreachable code detected
Assets\Scripts\BattleManager.cs(6590,5): warning CS0618: 'TMP_Text.enableWordWrapping' is obsolete: 'The enabledWordWrapping property is now obsolete. Please use the textWrappingMode property instead.'
Assets\Scripts\Clases\Caballero\Habilidades\REPRESENTACIONAcorazado.cs(273,7): warning CS0162: Unreachable code detected
Assets\Scripts\Clases\Caballero\Habilidades\GritoMotivador.cs(145,7): warning CS0162: Unreachable code detected
Assets\Scripts\Clases\Caballero\Habilidades\REPRESENTACIONImplacable.cs(313,5): warning CS0162: Unreachable code detected
Assets\Scripts\Clases\Caballero\Habilidades\REPRESENTACIONDeterminacion.cs(318,5): warning CS0162: Unreachable code detected
Assets\Scripts\AdministradorEscenas.cs(5741,12): warning CS0219: The variable 'encontrado' is assigned but its value is never used
Assets\Scripts\BattleManager.cs(6962,74): warning CS0184: The given expression is never of the provided ('DestruirObstaculo') type
Assets\Scripts\Clases\Caballero\_ItemsExclusivos\Armas\Mandoble\Infrecuente_MandobleSagrado\CorteVerticalSagrado.cs(138,7): warning CS0162: Unreachable code detected
Assets\Scripts\Clases\Caballero\_ItemsExclusivos\Armas\Mandoble\Infrecuente_MandobleSediento\CorteVerticalSediento.cs(135,7): warning CS0162: Unreachable code detected
Assets\Scripts\Campania\CampaignManager.cs(6951,7): warning CS0162: Unreachable code detected
Assets\Scripts\Clases\Caballero\_ItemsExclusivos\Armas\Mandoble\Rara_MandobleCongelado\CorteVerticalCongelado.cs(137,7): warning CS0162: Unreachable code detected
Assets\Scripts\Clases\Caballero\Habilidades\SiguesTu.cs(150,7): warning CS0162: Unreachable code detected
Assets\Scripts\Clases\Caballero\Habilidades\SiguesTu.cs(388,17): warning CS4014: Because this call is not awaited, execution of the current method continues before the call is completed. Consider applying the 'await' operator to the result of the call.
Assets\Scripts\Clases\Canalizador\Habilidades\AcumularEnergia.cs(129,7): warning CS0162: Unreachable code detected
Assets\Scripts\Clases\Canalizador\Habilidades\DescargaArcana.cs(108,7): warning CS0162: Unreachable code detected
Assets\Scripts\Clases\Canalizador\Habilidades\DescargaDePoder.cs(135,7): warning CS0162: Unreachable code detected
Assets\Scripts\Clases\Canalizador\Habilidades\EscudoEnergetico.cs(131,9): warning CS0162: Unreachable code detected
Assets\Scripts\Clases\Canalizador\Habilidades\Instatransporte.cs(127,5): warning CS0162: Unreachable code detected
Assets\Scripts\Clases\Canalizador\Habilidades\DescargaDesintegradora.cs(160,5): warning CS0162: Unreachable code detected
Assets\Scripts\Clases\Canalizador\Habilidades\ReaccionSifonArcano.cs(38,30): warning CS1998: This async method lacks 'await' operators and will run synchronously. Consider using the 'await' operator to await non-blocking API calls, or 'await Task.Run(...)' to do CPU-bound work on a background thread.
Assets\Scripts\Clases\Canalizador\Habilidades\ResiduoEnergético\ResiduoEnergetico.cs(32,31): warning CS1998: This async method lacks 'await' operators and will run synchronously. Consider using the 'await' operator to await non-blocking API calls, or 'await Task.Run(...)' to do CPU-bound work on a background thread.
Assets\Scripts\Clases\Canalizador\Habilidades\REPRESENTACIONSobrecarga.cs(53,10): warning CS0162: Unreachable code detected
Assets\Scripts\Clases\Canalizador\Habilidades\REPRESENTACIONExcesoDePoder.cs(113,9): warning CS0162: Unreachable code detected
Assets\Scripts\Clases\Canalizador\Habilidades\HojaDeEnergia.cs(155,5): warning CS0162: Unreachable code detected
Assets\Scripts\Clases\Canalizador\Habilidades\ManifestacionArcana.cs(134,5): warning CS0162: Unreachable code detected
Assets\Scripts\Clases\Canalizador\Habilidades\REPRESENTACIONAcumulacionProtegida.cs(103,7): warning CS0162: Unreachable code detected
Assets\Scripts\Clases\Canalizador\Habilidades\ManifestacionArcana.cs(302,32): warning CS1998: This async method lacks 'await' operators and will run synchronously. Consider using the 'await' operator to await non-blocking API calls, or 'await Task.Run(...)' to do CPU-bound work on a background thread.
Assets\Scripts\Clases\Duelista\Habilidades\EnGarde.cs(89,9): warning CS0162: Unreachable code detected
Assets\Scripts\Clases\Canalizador\Habilidades\SifonArcano.cs(133,5): warning CS0162: Unreachable code detected
Assets\Scripts\Clases\Duelista\Habilidades\Estocada.cs(106,9): warning CS0162: Unreachable code detected
Assets\Scripts\Clases\Duelista\Habilidades\CargaDeEstoque.cs(139,9): warning CS0162: Unreachable code detected
Assets\Scripts\Clases\Duelista\Habilidades\PresenciaProvocadora.cs(105,9): warning CS0162: Unreachable code detected
Assets\Scripts\Clases\Duelista\Habilidades\AFondo.cs(133,9): warning CS0162: Unreachable code detected
Assets\Scripts\Clases\Duelista\Habilidades\REPRESENTACIONAtaquesReveladores.cs(89,9): warning CS0162: Unreachable code detected
Assets\Scripts\Clases\Duelista\Habilidades\REPRESENTACIONDanzaDelEstoque.cs(88,9): warning CS0162: Unreachable code detected
Assets\Scripts\Clases\Duelista\Habilidades\PuntaHiriente.cs(144,9): warning CS0162: Unreachable code detected
Assets\Scripts\Clases\Duelista\Habilidades\REPRESENTACIONPasoLigero.cs(69,9): warning CS0162: Unreachable code detected
Assets\Scripts\Campania\Nodo.cs(6342,17): warning CS0219: The variable 'minSampleDist' is assigned but its value is never used
Assets\Scripts\Clases\Duelista\Habilidades\REPRESENTACIONPosturaDemandante.cs(72,9): warning CS0162: Unreachable code detected
Assets\Scripts\Clases\Duelista\Habilidades\REPRESENTACIONEvasionMaestra.cs(111,9): warning CS0162: Unreachable code detected
Assets\Scripts\Clases\Duelista\_ItemsExclusivos\Armaduras\Gambeson\Rara_GambesonDelUltimoPaso\REPRESENTACIONUltimoPaso.cs(69,9): warning CS0162: Unreachable code detected
Assets\Scripts\Clases\Duelista\Habilidades\RecuperarAire.cs(96,9): warning CS0162: Unreachable code detected
Assets\Scripts\Clases\Duelista\Habilidades\Riposte.cs(91,9): warning CS0162: Unreachable code detected
Assets\Scripts\Clases\Duelista\Habilidades\Riposte.cs(201,9): warning CS4014: Because this call is not awaited, execution of the current method continues before the call is completed. Consider applying the 'await' operator to the result of the call.
Assets\Scripts\Clases\Explorador\ClaseExplorador.cs(231,7): warning CS4014: Because this call is not awaited, execution of the current method continues before the call is completed. Consider applying the 'await' operator to the result of the call.
Assets\Scripts\Clases\Duelista\_ItemsExclusivos\Armas\Estoque\Infrecuente_EstoqueDelPrimerSangre\EstocadaPrimerSangre.cs(64,9): warning CS0162: Unreachable code detected
Assets\Scripts\Clases\Explorador\Habilidades\Acechar.cs(160,5): warning CS0162: Unreachable code detected
Assets\Scripts\Clases\Duelista\_ItemsExclusivos\Armas\Estoque\Rara_EstoqueDeLaRosaNegra\EstocadaRosaNegra.cs(61,9): warning CS0162: Unreachable code detected
Assets\Scripts\Clases\Explorador\Habilidades\CorteDaga.cs(122,7): warning CS0162: Unreachable code detected
Assets\Scripts\Clases\Duelista\_ItemsExclusivos\Armas\Estoque\Raro_EstoqueAstral\EstocadaAstral.cs(62,9): warning CS0162: Unreachable code detected
Assets\Scripts\Campania\Nodo.cs(7023,10): warning CS0618: 'Object.FindObjectOfType<T>()' is obsolete: 'Object.FindObjectOfType has been deprecated. Use Object.FindFirstObjectByType instead or if finding any instance is acceptable the faster Object.FindAnyObjectByType'
Assets\Scripts\Clases\Explorador\Habilidades\Fogata.cs(152,5): warning CS0162: Unreachable code detected
Assets\Scripts\Clases\Explorador\Habilidades\REPRESENTACIONPasoCauteloso.cs(69,5): warning CS0162: Unreachable code detected
Assets\Scripts\Clases\Explorador\Habilidades\Fogata.cs(238,32): warning CS1998: This async method lacks 'await' operators and will run synchronously. Consider using the 'await' operator to await non-blocking API calls, or 'await Task.Run(...)' to do CPU-bound work on a background thread.
Assets\Scripts\Clases\Explorador\Habilidades\DisparoPotente.cs(198,7): warning CS0162: Unreachable code detected
Assets\Scripts\Clases\Explorador\Habilidades\ImprovisarFlechas.cs(165,7): warning CS0162: Unreachable code detected
Assets\Scripts\Clases\Explorador\Habilidades\REPRESENTACIONAcrobatico.cs(114,7): warning CS0162: Unreachable code detected
Assets\Scripts\Clases\Explorador\Habilidades\REPRESENTACIONReconocimiento.cs(99,7): warning CS0162: Unreachable code detected
Assets\Scripts\Clases\Explorador\Habilidades\ImprovisarFlechas.cs(246,32): warning CS1998: This async method lacks 'await' operators and will run synchronously. Consider using the 'await' operator to await non-blocking API calls, or 'await Task.Run(...)' to do CPU-bound work on a background thread.
Assets\Scripts\Clases\Explorador\Habilidades\REPRESENTACIONVistaLejana.cs(95,7): warning CS0162: Unreachable code detected
Assets\Scripts\Clases\Explorador\Habilidades\MarcarPresa.cs(166,5): warning CS0162: Unreachable code detected
Assets\Scripts\Clases\Explorador\Habilidades\MarcarPresa.cs(274,11): warning CS4014: Because this call is not awaited, execution of the current method continues before the call is completed. Consider applying the 'await' operator to the result of the call.
Assets\Scripts\Clases\Explorador\Habilidades\TiroconArco.cs(144,5): warning CS0162: Unreachable code detected
Assets\Scripts\Clases\Explorador\Habilidades\Rafaga.cs(210,5): warning CS0162: Unreachable code detected
Assets\Scripts\Clases\Explorador\Habilidades\Vigilancia.cs(177,5): warning CS0162: Unreachable code detected
Assets\Scripts\Clases\Explorador\_ItemsExclusivos\Armas\Arco Largo\Infrecuente_ArcoLargoAcido\TiroconArcoAcido.cs(165,7): warning CS0162: Unreachable code detected
Assets\Scripts\Clases\Explorador\_ItemsExclusivos\Armas\Arco Largo\Raro_ArcoLargoRalentizante\TiroconArcoRalentizante.cs(167,7): warning CS0162: Unreachable code detected
Assets\Scripts\Clases\Explorador\_ItemsExclusivos\Armas\Arco Largo\Infrecuente_ArcoLargoPotente\TiroconArcoPotente.cs(166,7): warning CS0162: Unreachable code detected
Assets\Scripts\Clases\Purificadora\Habilidades\Enmendar.cs(148,7): warning CS0162: Unreachable code detected
Assets\Scripts\Clases\Purificadora\Habilidades\CastigaraLosMalvados.cs(159,7): warning CS0162: Unreachable code detected
Assets\Scripts\Clases\Purificadora\Habilidades\CastigaraLosMalvados.cs(323,7): warning CS4014: Because this call is not awaited, execution of the current method continues before the call is completed. Consider applying the 'await' operator to the result of the call.
Assets\Scripts\Clases\Purificadora\Habilidades\GolpeBaston.cs(137,9): warning CS0162: Unreachable code detected
Assets\Scripts\Clases\Purificadora\Habilidades\REPRESENTACIONFervorConjunto.cs(73,9): warning CS0162: Unreachable code detected
Assets\Scripts\Clases\Purificadora\Habilidades\LuzCegadora.cs(199,7): warning CS0162: Unreachable code detected
Assets\Scripts\Clases\Purificadora\Habilidades\ReaccionCastigarMalvados.cs(36,31): warning CS1998: This async method lacks 'await' operators and will run synchronously. Consider using the 'await' operator to await non-blocking API calls, or 'await Task.Run(...)' to do CPU-bound work on a background thread.
Assets\Scripts\Clases\Purificadora\Habilidades\EscudodeFe.cs(182,7): warning CS0162: Unreachable code detected
Assets\Scripts\Clases\Purificadora\Habilidades\LuzCegadora.cs(374,9): warning CS4014: Because this call is not awaited, execution of the current method continues before the call is completed. Consider applying the 'await' operator to the result of the call.
Assets\Scripts\Clases\Purificadora\Habilidades\REPRESENTACIONEcosDivinos.cs(328,7): warning CS0162: Unreachable code detected
Assets\Scripts\Clases\Purificadora\Habilidades\REPRESENTACIONAuraSagrada.cs(324,7): warning CS0162: Unreachable code detected
Assets\Scripts\Clases\Purificadora\Habilidades\LlamaDivina.cs(203,7): warning CS0162: Unreachable code detected
Assets\Scripts\Clases\Purificadora\Habilidades\PilaresDeLuz.cs(154,7): warning CS0162: Unreachable code detected
Assets\Scripts\Clases\Purificadora\Habilidades\Purificacion.cs(155,7): warning CS0162: Unreachable code detected
Assets\Scripts\Clases\Purificadora\Habilidades\PilaresDeLuz.cs(379,32): warning CS1998: This async method lacks 'await' operators and will run synchronously. Consider using the 'await' operator to await non-blocking API calls, or 'await Task.Run(...)' to do CPU-bound work on a background thread.
Assets\Scripts\Clases\Purificadora\Habilidades\SalmoPurificador.cs(157,5): warning CS0162: Unreachable code detected
Assets\Scripts\Clases\Purificadora\_ItemsExclusivos\Armas\Baculo Purificador\Raro_BaculoDeLlamaSacra\AtaqueBaculoLlamaSacra.cs(149,5): warning CS0162: Unreachable code detected
Assets\Scripts\Estados.cs(28,28): warning CS1998: This async method lacks 'await' operators and will run synchronously. Consider using the 'await' operator to await non-blocking API calls, or 'await Task.Run(...)' to do CPU-bound work on a background thread.
Assets\Scripts\Clases\Purificadora\Habilidades\SalmoPurificador.cs(380,32): warning CS1998: This async method lacks 'await' operators and will run synchronously. Consider using the 'await' operator to await non-blocking API calls, or 'await Task.Run(...)' to do CPU-bound work on a background thread.
Assets\Scripts\Estados.cs(67,8): warning CS4014: Because this call is not awaited, execution of the current method continues before the call is completed. Consider applying the 'await' operator to the result of the call.
Assets\Scripts\Estados.cs(79,5): warning CS4014: Because this call is not awaited, execution of the current method continues before the call is completed. Consider applying the 'await' operator to the result of the call.
Assets\Scripts\Estados.cs(180,32): warning CS4014: Because this call is not awaited, execution of the current method continues before the call is completed. Consider applying the 'await' operator to the result of the call.
Assets\Scripts\Estados.cs(209,9): warning CS4014: Because this call is not awaited, execution of the current method continues before the call is completed. Consider applying the 'await' operator to the result of the call.
Assets\Scripts\Estados.cs(213,13): warning CS4014: Because this call is not awaited, execution of the current method continues before the call is completed. Consider applying the 'await' operator to the result of the call.
Assets\Scripts\Estados.cs(228,8): warning CS4014: Because this call is not awaited, execution of the current method continues before the call is completed. Consider applying the 'await' operator to the result of the call.
Assets\Scripts\Estados.cs(233,6): warning CS4014: Because this call is not awaited, execution of the current method continues before the call is completed. Consider applying the 'await' operator to the result of the call.
Assets\Scripts\Estados.cs(249,7): warning CS4014: Because this call is not awaited, execution of the current method continues before the call is completed. Consider applying the 'await' operator to the result of the call.
Assets\Scripts\Estados.cs(252,13): warning CS4014: Because this call is not awaited, execution of the current method continues before the call is completed. Consider applying the 'await' operator to the result of the call.
Assets\Scripts\Estados.cs(268,9): warning CS4014: Because this call is not awaited, execution of the current method continues before the call is completed. Consider applying the 'await' operator to the result of the call.
Assets\Scripts\Estados.cs(273,13): warning CS4014: Because this call is not awaited, execution of the current method continues before the call is completed. Consider applying the 'await' operator to the result of the call.
Assets\Scripts\Estados.cs(288,9): warning CS4014: Because this call is not awaited, execution of the current method continues before the call is completed. Consider applying the 'await' operator to the result of the call.
Assets\Scripts\Estados.cs(293,13): warning CS4014: Because this call is not awaited, execution of the current method continues before the call is completed. Consider applying the 'await' operator to the result of the call.
Assets\Scripts\Estados.cs(309,8): warning CS4014: Because this call is not awaited, execution of the current method continues before the call is completed. Consider applying the 'await' operator to the result of the call.
Assets\Scripts\Estados.cs(313,12): warning CS4014: Because this call is not awaited, execution of the current method continues before the call is completed. Consider applying the 'await' operator to the result of the call.
Assets\Scripts\Estados.cs(328,8): warning CS4014: Because this call is not awaited, execution of the current method continues before the call is completed. Consider applying the 'await' operator to the result of the call.
Assets\Scripts\Estados.cs(331,12): warning CS4014: Because this call is not awaited, execution of the current method continues before the call is completed. Consider applying the 'await' operator to the result of the call.
Assets\Scripts\Estados.cs(354,7): warning CS4014: Because this call is not awaited, execution of the current method continues before the call is completed. Consider applying the 'await' operator to the result of the call.
Assets\Scripts\Habilidades\TerminoHoverPopup.cs(74,5): warning CS0618: 'TMP_Text.enableWordWrapping' is obsolete: 'The enabledWordWrapping property is now obsolete. Please use the textWrappingMode property instead.'
Assets\Scripts\Sistema\HandicapDificultad.cs(114,22): warning CS0618: 'Object.FindObjectsOfType<T>()' is obsolete: 'Object.FindObjectsOfType has been deprecated. Use Object.FindObjectsByType instead which lets you decide whether you need the results sorted or not.  FindObjectsOfType sorts the results by InstanceID but if you do not need this using FindObjectSortMode.None is considerably faster.'
Assets\Scripts\Habilidades\Habilidades IA\IAHabilidad.cs(676,7): warning CS4014: Because this call is not awaited, execution of the current method continues before the call is completed. Consider applying the 'await' operator to the result of the call.
Assets\Scripts\Tutorial\TutorialDirector.cs(121,63): warning CS0618: 'Object.FindObjectOfType<T>(bool)' is obsolete: 'Object.FindObjectOfType has been deprecated. Use Object.FindFirstObjectByType instead or if finding any instance is acceptable the faster Object.FindAnyObjectByType'
Assets\Scripts\Tutorial\TutorialDirector.cs(164,63): warning CS0618: 'Object.FindObjectOfType<T>(bool)' is obsolete: 'Object.FindObjectOfType has been deprecated. Use Object.FindFirstObjectByType instead or if finding any instance is acceptable the faster Object.FindAnyObjectByType'
Assets\Scripts\Tutorial\TutorialDirector.cs(193,63): warning CS0618: 'Object.FindObjectOfType<T>(bool)' is obsolete: 'Object.FindObjectOfType has been deprecated. Use Object.FindFirstObjectByType instead or if finding any instance is acceptable the faster Object.FindAnyObjectByType'
Assets\Scripts\Tutorial\TutorialPresenter.cs(444,25): warning CS0618: 'Object.FindObjectOfType<T>(bool)' is obsolete: 'Object.FindObjectOfType has been deprecated. Use Object.FindFirstObjectByType instead or if finding any instance is acceptable the faster Object.FindAnyObjectByType'
Assets\Scripts\Tutorial\TutorialDirector.cs(639,19): warning CS0618: 'Object.FindObjectOfType<T>(bool)' is obsolete: 'Object.FindObjectOfType has been deprecated. Use Object.FindFirstObjectByType instead or if finding any instance is acceptable the faster Object.FindAnyObjectByType'
Assets\Scripts\Habilidades\Habilidad.cs(1621,7): warning CS4014: Because this call is not awaited, execution of the current method continues before the call is completed. Consider applying the 'await' operator to the result of the call.
Assets\Scripts\IAUnidad.cs(1289,13): warning CS0184: The given expression is never of the provided ('DestruirObstaculo') type
Assets\Scripts\UI\BotonHabilidad.cs(710,17): warning CS4014: Because this call is not awaited, execution of the current method continues before the call is completed. Consider applying the 'await' operator to the result of the call.
Assets\Scripts\UI\BotonHabilidad.cs(725,19): warning CS4014: Because this call is not awaited, execution of the current method continues before the call is completed. Consider applying the 'await' operator to the result of the call.
Assets\Scripts\UI\BotonHabilidad.cs(730,19): warning CS4014: Because this call is not awaited, execution of the current method continues before the call is completed. Consider applying the 'await' operator to the result of the call.
Assets\Scripts\UI\BotonHabilidad.cs(735,19): warning CS4014: Because this call is not awaited, execution of the current method continues before the call is completed. Consider applying the 'await' operator to the result of the call.
Assets\Scripts\UI\BotonHabilidad.cs(741,21): warning CS4014: Because this call is not awaited, execution of the current method continues before the call is completed. Consider applying the 'await' operator to the result of the call.
Assets\Scripts\UI\BotonHabilidad.cs(750,21): warning CS4014: Because this call is not awaited, execution of the current method continues before the call is completed. Consider applying the 'await' operator to the result of the call.
Assets\Scripts\UI\BotonHabilidad.cs(758,19): warning CS4014: Because this call is not awaited, execution of the current method continues before the call is completed. Consider applying the 'await' operator to the result of the call.
Assets\Scripts\UI\BotonHabilidad.cs(763,19): warning CS4014: Because this call is not awaited, execution of the current method continues before the call is completed. Consider applying the 'await' operator to the result of the call.
Assets\Scripts\UI\ScreenFlash.cs(55,28): warning CS0618: 'Object.FindObjectOfType<T>()' is obsolete: 'Object.FindObjectOfType has been deprecated. Use Object.FindFirstObjectByType instead or if finding any instance is acceptable the faster Object.FindAnyObjectByType'
Assets\Scripts\Visual\VisualPolishRuntime.cs(197,25): warning CS0618: 'Object.FindObjectsOfType<T>(bool)' is obsolete: 'Object.FindObjectsOfType has been deprecated. Use Object.FindObjectsByType instead which lets you decide whether you need the results sorted or not.  FindObjectsOfType sorts the results by InstanceID but if you do not need this using FindObjectSortMode.None is considerably faster.'
Assets\SunController.cs(83,13): warning CS0618: 'Light.cookieSize' is obsolete: 'Light.cookieSize has been deprecated. Use Light.cookieSize2D instead.'
Assets\TooltipBatalla.cs(189,9): warning CS0618: 'TMP_Text.enableWordWrapping' is obsolete: 'The enabledWordWrapping property is now obsolete. Please use the textWrappingMode property instead.'
Assets\Scripts\Visual\VisualPolishRuntime.cs(597,24): warning CS0618: 'Object.FindObjectsOfType<T>(bool)' is obsolete: 'Object.FindObjectsOfType has been deprecated. Use Object.FindObjectsByType instead which lets you decide whether you need the results sorted or not.  FindObjectsOfType sorts the results by InstanceID but if you do not need this using FindObjectSortMode.None is considerably faster.'
Assets\Scripts\Visual\VisualPolishRuntime.cs(667,35): warning CS0618: 'Object.FindObjectsOfType<T>(bool)' is obsolete: 'Object.FindObjectsOfType has been deprecated. Use Object.FindObjectsByType instead which lets you decide whether you need the results sorted or not.  FindObjectsOfType sorts the results by InstanceID but if you do not need this using FindObjectSortMode.None is considerably faster.'
Assets\Scripts\Visual\VisualPolishRuntime.cs(680,24): warning CS0618: 'Object.FindObjectsOfType<T>(bool)' is obsolete: 'Object.FindObjectsOfType has been deprecated. Use Object.FindObjectsByType instead which lets you decide whether you need the results sorted or not.  FindObjectsOfType sorts the results by InstanceID but if you do not need this using FindObjectSortMode.None is considerably faster.'
Assets\Scripts\Unidad.cs(2266,5): warning CS4014: Because this call is not awaited, execution of the current method continues before the call is completed. Consider applying the 'await' operator to the result of the call.
Assets\Scripts\Unidad.cs(3409,15): warning CS4014: Because this call is not awaited, execution of the current method continues before the call is completed. Consider applying the 'await' operator to the result of the call.
Assets\Scripts\Unidad.cs(3429,11): warning CS4014: Because this call is not awaited, execution of the current method continues before the call is completed. Consider applying the 'await' operator to the result of the call.
Assets\Scripts\Unidad.cs(3630,11): warning CS4014: Because this call is not awaited, execution of the current method continues before the call is completed. Consider applying the 'await' operator to the result of the call.
Assets\Scripts\Unidad.cs(3801,9): warning CS4014: Because this call is not awaited, execution of the current method continues before the call is completed. Consider applying the 'await' operator to the result of the call.
Assets\Scripts\Unidad.cs(4181,5): warning CS4014: Because this call is not awaited, execution of the current method continues before the call is completed. Consider applying the 'await' operator to the result of the call.
Assets\Scripts\Unidad.cs(4404,9): warning CS4014: Because this call is not awaited, execution of the current method continues before the call is completed. Consider applying the 'await' operator to the result of the call.
Assets\Scripts\Unidad.cs(5129,3): warning CS4014: Because this call is not awaited, execution of the current method continues before the call is completed. Consider applying the 'await' operator to the result of the call.
Assets\Scripts\Unidad.cs(5168,4): warning CS4014: Because this call is not awaited, execution of the current method continues before the call is completed. Consider applying the 'await' operator to the result of the call.
Assets\Scripts\Unidad.cs(5880,9): warning CS4014: Because this call is not awaited, execution of the current method continues before the call is completed. Consider applying the 'await' operator to the result of the call.
Assets\Scripts\Unidad.cs(5885,9): warning CS4014: Because this call is not awaited, execution of the current method continues before the call is completed. Consider applying the 'await' operator to the result of the call.
Assets\Scripts\Unidad.cs(5966,7): warning CS4014: Because this call is not awaited, execution of the current method continues before the call is completed. Consider applying the 'await' operator to the result of the call.
Assets\TRADU.cs(15272,18): warning CS0618: 'Object.FindObjectsOfType<T>(bool)' is obsolete: 'Object.FindObjectsOfType has been deprecated. Use Object.FindObjectsByType instead which lets you decide whether you need the results sorted or not.  FindObjectsOfType sorts the results by InstanceID but if you do not need this using FindObjectSortMode.None is considerably faster.'
Assets\Prefabs\Prefabs NPC\ZONA - Paso Viento Helado\Salvajes\Pajaro Rompe-hielos\IALevantarVuelo.cs(17,34): warning CS0414: The field 'IALevantarVuelo.tipoDanio' is assigned but its value is never used
Assets\Scripts\Clases\Acechador\Habilidades\Distraer.cs(15,34): warning CS0414: The field 'Distraer.XdDanio' is assigned but its value is never used
Assets\Prefabs\Prefabs NPC\ZONA - Bosque de los Lamentos\DriadaQuemada\Enredar.cs(16,34): warning CS0414: The field 'Enredar.daniodX' is assigned but its value is never used
Assets\Scripts\Clases\Canalizador\Habilidades\DescargaDePoder.cs(17,34): warning CS0414: The field 'DescargaDePoder.criticoRangoHab' is assigned but its value is never used
Assets\Prefabs\Prefabs NPC\SUBTERRANEOS\Vagranilo\IAChirridoVagranilo.cs(14,34): warning CS0414: The field 'IAChirridoVagranilo.bonusAtaque' is assigned but its value is never used
Assets\Scripts\Clases\Acechador\Habilidades\Distraer.cs(16,34): warning CS0414: The field 'Distraer.daniodX' is assigned but its value is never used
Assets\Prefabs\Prefabs NPC\ZONA - Paso Viento Helado\Kale'Tav\Gulek-Gul\IALevantarMartillo.cs(14,32): warning CS0414: The field 'IALevantarMartillo.bonusAtaque' is assigned but its value is never used
Assets\Scripts\Clases\Acechador\Habilidades\Distraer.cs(17,34): warning CS0414: The field 'Distraer.criticoRangoHab' is assigned but its value is never used
Assets\Prefabs\Prefabs NPC\ZONA - Paso Viento Helado\Kale'Tav\Bruja\FerenesiDeAsesinato.cs(17,34): warning CS0414: The field 'FerenesiDeAsesinato.tipoDanio' is assigned but its value is never used
Assets\Prefabs\Prefabs NPC\ZONA - Bosque de los Lamentos\DriadaQuemada\Enredar.cs(17,34): warning CS0414: The field 'Enredar.tipoDanio' is assigned but its value is never used
Assets\Prefabs\Prefabs NPC\ZONA - Paso Viento Helado\Salvajes\Pajaro Rompe-hielos\IALevantarVuelo.cs(14,34): warning CS0414: The field 'IALevantarVuelo.bonusAtaque' is assigned but its value is never used
Assets\Scripts\Clases\Purificadora\Habilidades\Purificacion.cs(279,10): warning CS0414: The field 'Purificacion.seTiroFlechaVFX' is assigned but its value is never used
Assets\Prefabs\Prefabs NPC\ZONA - Paso Viento Helado\Kale'Tav\Gulek-Gul\IADebatirTacticas.cs(17,32): warning CS0414: The field 'IADebatirTacticas.tipoDanio' is assigned but its value is never used
Assets\Prefabs\Prefabs NPC\ZONA - Paso Viento Helado\Salvajes\Pajaro Rompe-hielos\IALevantarVuelo.cs(15,34): warning CS0414: The field 'IALevantarVuelo.XdDanio' is assigned but its value is never used
Assets\Prefabs\Prefabs NPC\ZONA - Paso Viento Helado\Kale'Tav\Gulek-Gul\IADebatirTacticas.cs(16,32): warning CS0414: The field 'IADebatirTacticas.daniodX' is assigned but its value is never used
Assets\Prefabs\Prefabs NPC\ZONA - Paso Viento Helado\Kale'Tav\Bruja\IAAtaqueCuervo.cs(16,34): warning CS0414: The field 'IAAtaqueCuervo.daniodX' is assigned but its value is never used
Assets\Prefabs\Prefabs NPC\ZONA - Bosque de los Lamentos\EspectrodelBosque\Perdicion.cs(14,32): warning CS0414: The field 'Perdicion.tipoDanio' is assigned but its value is never used
Assets\Prefabs\Prefabs NPC\BANDIDOS\Ladrón\LadronEnvenenarArma.cs(14,32): warning CS0414: The field 'LadronEnvenenarArma.bonusAtaque' is assigned but its value is never used
Assets\Scripts\Clases\Purificadora\Habilidades\LuzCegadora.cs(361,10): warning CS0414: The field 'LuzCegadora.seTiroFlechaVFX' is assigned but its value is never used
Assets\Prefabs\Prefabs NPC\ZONA - Paso Viento Helado\Kale'Tav\Gulek-Gul\IALevantarMartillo.cs(16,32): warning CS0414: The field 'IALevantarMartillo.daniodX' is assigned but its value is never used
Assets\Prefabs\Prefabs NPC\ZONA - Bosque de los Lamentos\DriadaQuemada\CariciadelBosque.cs(16,34): warning CS0414: The field 'CariciadelBosque.daniodX' is assigned but its value is never used
Assets\Prefabs\Prefabs NPC\ZONA - Paso Viento Helado\Kale'Tav\Bruja\FerenesiDeAsesinato.cs(14,34): warning CS0414: The field 'FerenesiDeAsesinato.bonusAtaque' is assigned but its value is never used
Assets\Prefabs\Prefabs NPC\ZONA - Bosque de los Lamentos\EspectrodelBosque\Perdicion.cs(13,32): warning CS0414: The field 'Perdicion.daniodX' is assigned but its value is never used
Assets\EdgePanCameraX.cs(49,36): warning CS0414: The field 'EdgePanCameraZ.zoomInFovDelta' is assigned but its value is never used
Assets\Prefabs\Prefabs NPC\BANDIDOS\Ladrón\LadronEnvenenarArma.cs(17,32): warning CS0414: The field 'LadronEnvenenarArma.tipoDanio' is assigned but its value is never used
Assets\Scripts\Habilidades\RetrasarTurno.cs(13,34): warning CS0414: The field 'RetrasarTurno.XdDanio' is assigned but its value is never used
Assets\Prefabs\Prefabs NPC\ZONA - Nedukazal\Zarkil\Zarkilever\IALenguetazo.cs(14,36): warning CS0414: The field 'IALenguetazo.vfxDuracion' is assigned but its value is never used
Assets\Prefabs\Prefabs NPC\ZONA - Paso Viento Helado\Kale'Tav\Bruja\IAAtaqueCuervo.cs(14,34): warning CS0414: The field 'IAAtaqueCuervo.bonusAtaque' is assigned but its value is never used
Assets\Scripts\Clases\Acechador\Habilidades\Distraer.cs(18,34): warning CS0414: The field 'Distraer.tipoDanio' is assigned but its value is never used
Assets\Scripts\Clases\Purificadora\Habilidades\LuzCegadora.cs(15,34): warning CS0414: The field 'LuzCegadora.XdDanio' is assigned but its value is never used
Assets\Scripts\Clases\Purificadora\Habilidades\Purificacion.cs(17,34): warning CS0414: The field 'Purificacion.tipoDanio' is assigned but its value is never used
Assets\Scripts\Clases\Purificadora\Habilidades\Purificacion.cs(15,34): warning CS0414: The field 'Purificacion.daniodX' is assigned but its value is never used
Assets\Prefabs\Prefabs NPC\SUBTERRANEOS\Vagranilo\IAChirridoVagranilo.cs(17,34): warning CS0414: The field 'IAChirridoVagranilo.tipoDanio' is assigned but its value is never used
Assets\Scripts\UI\UIInfoChar.cs(11,34): warning CS0414: The field 'UIInfoChar.posicionAliadoTop' is assigned but its value is never used
Assets\Scripts\Clases\Explorador\Habilidades\ImprovisarFlechas.cs(13,26): warning CS0414: The field 'ImprovisarFlechas.usosBatalla' is assigned but its value is never used
Assets\Scripts\Habilidades\RetrasarTurno.cs(15,34): warning CS0414: The field 'RetrasarTurno.tipoDanio' is assigned but its value is never used
Assets\Prefabs\Prefabs NPC\ZONA - Bosque de los Lamentos\EspectrodelBosque\Perdicion.cs(12,32): warning CS0414: The field 'Perdicion.XdDanio' is assigned but its value is never used
Assets\Prefabs\Prefabs NPC\ZONA - Bosque de los Lamentos\DriadaQuemada\Enredar.cs(15,34): warning CS0414: The field 'Enredar.XdDanio' is assigned but its value is never used
Assets\Prefabs\Prefabs NPC\BANDIDOS\Ladrón\LadronEnvenenarArma.cs(16,32): warning CS0414: The field 'LadronEnvenenarArma.daniodX' is assigned but its value is never used
Assets\Scripts\Habilidades\RetrasarTurno.cs(14,34): warning CS0414: The field 'RetrasarTurno.daniodX' is assigned but its value is never used
Assets\Prefabs\Prefabs NPC\ZONA - Paso Viento Helado\Kale'Tav\Gulek-Gul\IALevantarMartillo.cs(17,32): warning CS0414: The field 'IALevantarMartillo.tipoDanio' is assigned but its value is never used
Assets\Prefabs\Prefabs NPC\ZONA - Paso Viento Helado\Salvajes\Pajaro Rompe-hielos\IALevantarVuelo.cs(16,34): warning CS0414: The field 'IALevantarVuelo.daniodX' is assigned but its value is never used
Assets\Prefabs\Prefabs NPC\ZONA - Paso Viento Helado\Kale'Tav\Bruja\FerenesiDeAsesinato.cs(15,34): warning CS0414: The field 'FerenesiDeAsesinato.XdDanio' is assigned but its value is never used
Assets\Prefabs\Prefabs NPC\ZONA - Paso Viento Helado\Kale'Tav\Gulek-Gul\IADebatirTacticas.cs(15,32): warning CS0414: The field 'IADebatirTacticas.XdDanio' is assigned but its value is never used
Assets\Prefabs\Prefabs NPC\ZONA - Bosque de los Lamentos\DriadaQuemada\CariciadelBosque.cs(17,34): warning CS0414: The field 'CariciadelBosque.tipoDanio' is assigned but its value is never used
Assets\Prefabs\Prefabs NPC\ZONA - Paso Viento Helado\Kale'Tav\Bruja\IAAtaqueCuervo.cs(15,34): warning CS0414: The field 'IAAtaqueCuervo.XdDanio' is assigned but its value is never used
Assets\Scripts\Habilidades\BoladeFuego.cs(15,34): warning CS0414: The field 'BoladeFuego.criticoRangoHab' is assigned but its value is never used
Assets\Prefabs\Prefabs NPC\ZONA - Bosque de los Lamentos\DriadaQuemada\CariciadelBosque.cs(14,34): warning CS0414: The field 'CariciadelBosque.bonusAtaque' is assigned but its value is never used
Assets\Prefabs\Prefabs NPC\ZONA - Paso Viento Helado\Kale'Tav\Gulek-Gul\IADebatirTacticas.cs(14,32): warning CS0414: The field 'IADebatirTacticas.bonusAtaque' is assigned but its value is never used
Assets\Prefabs\Prefabs NPC\SUBTERRANEOS\Vagranilo\IAChirridoVagranilo.cs(15,34): warning CS0414: The field 'IAChirridoVagranilo.XdDanio' is assigned but its value is never used
Assets\Scripts\Clases\Purificadora\Habilidades\Purificacion.cs(14,34): warning CS0414: The field 'Purificacion.XdDanio' is assigned but its value is never used
Assets\Prefabs\Prefabs NPC\ZONA - Paso Viento Helado\Kale'Tav\Bruja\FerenesiDeAsesinato.cs(16,34): warning CS0414: The field 'FerenesiDeAsesinato.daniodX' is assigned but its value is never used
Assets\Scripts\Campania\CaravanTorchLight.cs(11,53): warning CS0414: The field 'CaravanTorchLight.alturaSobreCaravana' is assigned but its value is never used
Assets\Prefabs\Prefabs NPC\BANDIDOS\Ladrón\LadronEnvenenarArma.cs(15,32): warning CS0414: The field 'LadronEnvenenarArma.XdDanio' is assigned but its value is never used
Assets\Prefabs\Prefabs NPC\ZONA - Paso Viento Helado\Kale'Tav\Bruja\IAAtaqueCuervo.cs(17,34): warning CS0414: The field 'IAAtaqueCuervo.tipoDanio' is assigned but its value is never used
Assets\Prefabs\Prefabs NPC\SUBTERRANEOS\Vagranilo\IAChirridoVagranilo.cs(16,34): warning CS0414: The field 'IAChirridoVagranilo.daniodX' is assigned but its value is never used
Assets\Prefabs\Prefabs NPC\ZONA - Paso Viento Helado\Kale'Tav\Gulek-Gul\IALevantarMartillo.cs(15,32): warning CS0414: The field 'IALevantarMartillo.XdDanio' is assigned but its value is never used
Assets\Scripts\Habilidades\RetrasarTurno.cs(12,34): warning CS0414: The field 'RetrasarTurno.bonusAtaque' is assigned but its value is never used
Assets\Prefabs\Prefabs NPC\ZONA - Bosque de los Lamentos\DriadaQuemada\Enredar.cs(14,34): warning CS0414: The field 'Enredar.bonusAtaque' is assigned but its value is never used
Assets\Prefabs\Prefabs NPC\ZONA - Bosque de los Lamentos\DriadaQuemada\CariciadelBosque.cs(15,34): warning CS0414: The field 'CariciadelBosque.XdDanio' is assigned but its value is never used
Assets\Prefabs\Prefabs NPC\ZONA - Bosque de los Lamentos\EspectrodelBosque\Perdicion.cs(11,32): warning CS0414: The field 'Perdicion.bonusAtaque' is assigned but its value is never used
Assets\Scripts\Clases\Purificadora\Habilidades\LuzCegadora.cs(16,34): warning CS0414: The field 'LuzCegadora.daniodX' is assigned but its value is never used
Assets\Scripts\Clases\Acechador\Habilidades\Distraer.cs(14,34): warning CS0414: The field 'Distraer.bonusAtaque' is assigned but its value is never used
AssetDatabase: script compilation time: 20.776648s
Begin MonoManager ReloadAssembly
- Loaded All Assemblies, in  9.189 seconds
Refreshing native plugins compatible for Editor in 245.58 ms, found 4 plugins.
Native extension for WindowsStandalone target not found
ScheduleIndexationOnStartup MainProcess:True IndexOnStartup:True
Mono: successfully reloaded assembly
- Finished resetting the current domain, in  2.456 seconds
Domain Reload Profiling: 11635ms
	BeginReloadAssembly (304ms)
		ExecutionOrderSort (0ms)
		DisableScriptedObjects (33ms)
		BackupInstance (0ms)
		ReleaseScriptingObjects (0ms)
		CreateAndSetChildDomain (54ms)
	RebuildCommonClasses (53ms)
	RebuildNativeTypeToScriptingClass (22ms)
	initialDomainReloadingComplete (50ms)
	LoadAllAssembliesAndSetupDomain (8749ms)
		LoadAssemblies (8208ms)
		RebuildTransferFunctionScriptingTraits (0ms)
		AnalyzeDomain (692ms)
			TypeCache.Refresh (607ms)
				TypeCache.ScanAssembly (595ms)
			BuildScriptInfoCaches (60ms)
			ResolveRequiredComponents (20ms)
	FinalizeReload (2457ms)
		ReleaseScriptCaches (0ms)
		RebuildScriptCaches (0ms)
		SetupLoadedEditorAssemblies (2241ms)
			LogAssemblyErrors (0ms)
			InitializePlatformSupportModulesInManaged (34ms)
			SetLoadedEditorAssemblies (4ms)
			BeforeProcessingInitializeOnLoad (264ms)
			ProcessInitializeOnLoadAttributes (904ms)
			ProcessInitializeOnLoadMethodAttributes (1018ms)
			AfterProcessingInitializeOnLoad (16ms)
			EditorAssembliesLoaded (0ms)
		ExecutionOrderSort2 (0ms)
		AwakeInstancesAfterBackupRestoration (24ms)
ArgumentException: The specified path is not of a legal form (empty).
  at System.IO.Path.InsecureGetFullPath (System.String path) [0x00025] in <41d29b352f6a475ab1bf7c6628b82790>:0 
  at System.IO.Path.GetFullPath (System.String path) [0x00000] in <41d29b352f6a475ab1bf7c6628b82790>:0 
  at Microsoft.Unity.VisualStudio.Editor.FileUtility.GetAbsolutePath (System.String path) [0x00000] in .\Library\PackageCache\com.unity.ide.visualstudio@a99d56dec63f\Editor\FileUtility.cs:24 
  at Microsoft.Unity.VisualStudio.Editor.VisualStudioEditor.TryGetVisualStudioInstallationForPath (System.String editorPath, System.Boolean lookupDiscoveredInstallations, Microsoft.Unity.VisualStudio.Editor.IVisualStudioInstallation& installation) [0x00000] in .\Library\PackageCache\com.unity.ide.visualstudio@a99d56dec63f\Editor\VisualStudioEditor.cs:100 
  at Microsoft.Unity.VisualStudio.Editor.VisualStudioEditor.SyncIfNeeded (System.String[] addedFiles, System.String[] deletedFiles, System.String[] movedFiles, System.String[] movedFromFiles, System.String[] importedFiles) [0x00000] in .\Library\PackageCache\com.unity.ide.visualstudio@a99d56dec63f\Editor\VisualStudioEditor.cs:171 
  at UnityEditor.CodeEditorProjectSync.PostprocessSyncProject (System.String[] importedAssets, System.String[] addedAssets, System.String[] deletedAssets, System.String[] movedAssets, System.String[] movedFromAssetPaths) [0x0000b] in <a90f148a0c664ac8982a824605784e74>:0 
  at UnityEditor.AssetPostprocessingInternal.PostprocessAllAssets (System.String[] importedAssets, System.String[] addedAssets, System.String[] deletedAssets, System.String[] movedAssets, System.String[] movedFromPathAssets, System.Boolean didDomainReload) [0x00173] in <a90f148a0c664ac8982a824605784e74>:0 

(Filename: ./Library/PackageCache/com.unity.ide.visualstudio@a99d56dec63f/Editor/FileUtility.cs Line: 24)

Refreshing native plugins compatible for Editor in 9.45 ms, found 4 plugins.
Preloading 0 native plugins for Editor in 0.00 ms.
Asset Pipeline Refresh (id=05bf368afe573364294b9aca6bcaeb1d): Total: 37.191 seconds - Initiated by InitialRefreshV2(ForceSynchronousImport)
	Summary:
		Imports: total=0 (actual=0, local cache=0, cache server=0)
		Asset DB Process Time: managed=0 ms, native=6860 ms
		Asset DB Callback time: managed=176 ms, native=79 ms
		Scripting: domain reloads=1, domain reload time=9190 ms, compile time=20779 ms, other=105 ms
		Project Asset Count: scripts=1185, non-scripts=3639
		Asset File Changes: new=1, changed=2, moved=0, deleted=0
		Scan Filter Count: 0
	InvokeCustomDependenciesCallbacks: 0.002ms
	InvokePackagesCallback: 63.987ms
	ApplyChangesToAssetFolders: 1.167ms
	Scan: 284.578ms
	OnSourceAssetsModified: 1.354ms
	CategorizeAssetsWithTransientArtifact: 2933.191ms
	ProcessAssetsWithTransientArtifactChanges: 92.908ms
	CategorizeAssets: 63.855ms
	ImportOutOfDateAssets: 2745.662ms (-18035.121ms without children)
		CompileScripts: 20778.723ms
		ReloadNativeAssets: 0.022ms
		UnloadImportedAssets: 0.935ms
		EnsureUptoDateAssetsAreRegisteredWithGuidPM: 0.686ms
		InitializingProgressBar: 0.001ms
		PostProcessAllAssetNotificationsAddChangedAssets: 0.001ms
		OnDemandSchedulerStart: 0.416ms
	PostProcessAllAssets: 180.559ms
	Hotreload: 13.046ms
	GatherAllCurrentPrimaryArtifactRevisions: 0.005ms
	UnloadStreamsBegin: 3.358ms
	PersistCurrentRevisions: 0.158ms
	UnloadStreamsEnd: 0.001ms
	GenerateScriptTypeHashes: 5.337ms
	Untracked: 30807.001ms

Application.AssetDatabase Initial Refresh End
Launched and connected shader compiler UnityShaderCompiler.exe after 0.05 seconds
Scanning for USB devices : 8.085ms
Initializing Unity extensions:
ArgumentException: The specified path is not of a legal form (empty).
  at System.IO.Path.InsecureGetFullPath (System.String path) [0x00025] in <41d29b352f6a475ab1bf7c6628b82790>:0 
  at System.IO.Path.GetFullPath (System.String path) [0x00000] in <41d29b352f6a475ab1bf7c6628b82790>:0 
  at Microsoft.Unity.VisualStudio.Editor.FileUtility.GetAbsolutePath (System.String path) [0x00000] in .\Library\PackageCache\com.unity.ide.visualstudio@a99d56dec63f\Editor\FileUtility.cs:24 
  at Microsoft.Unity.VisualStudio.Editor.VisualStudioEditor.TryGetVisualStudioInstallationForPath (System.String editorPath, System.Boolean lookupDiscoveredInstallations, Microsoft.Unity.VisualStudio.Editor.IVisualStudioInstallation& installation) [0x00000] in .\Library\PackageCache\com.unity.ide.visualstudio@a99d56dec63f\Editor\VisualStudioEditor.cs:100 
  at Microsoft.Unity.VisualStudio.Editor.VisualStudioEditor.SyncAll () [0x00000] in .\Library\PackageCache\com.unity.ide.visualstudio@a99d56dec63f\Editor\VisualStudioEditor.cs:197 
  at UnityEditor.CodeEditorProjectSync.SyncEditorProject () [0x0000b] in <a90f148a0c664ac8982a824605784e74>:0 

(Filename: ./Library/PackageCache/com.unity.ide.visualstudio@a99d56dec63f/Editor/FileUtility.cs Line: 24)

CreateDirectory '/../../Unity' failed: Acceso denegado.
 (current dir: C:/UnityProyectosNOborrar/GDD - Untitled)
[MODES] ModeService[none].Initialize
[MODES] ModeService[none].LoadModes
[MODES] Loading mode Default (0) for mode-current-id-The Black Breath
CreateDirectory '/../../Unity' failed: Acceso denegado.
 (current dir: C:/UnityProyectosNOborrar/GDD - Untitled)
Unloading 15 Unused Serialized files (Serialized files now loaded: 0)
Unloading 4813 unused Assets / (6.7 MB). Loaded Objects now: 5216.
Memory consumption went from 156.1 MB to 149.4 MB.
Total: 16.886300 ms (FindLiveObjects: 1.177100 ms CreateObjectMapping: 0.917400 ms MarkObjects: 10.493500 ms  DeleteObjects: 4.296300 ms)

Opening scene 'Assets/Scenes/ES-Campaña.unity'
Unloading 1480 Unused Serialized files (Serialized files now loaded: 0)
Loaded scene 'Assets/Scenes/ES-Campaña.unity'
	Deserialize:            11964.889 ms
	Integration:            1429.182 ms
	Integration of assets:  86.796 ms
	Thread Wait Time:       -17.339 ms
	Total Operation Time:   13463.527 ms
Unloading 3 unused Assets / (1.8 KB). Loaded Objects now: 48608.
Memory consumption went from 404.0 MB to 404.0 MB.
Total: 21.575400 ms (FindLiveObjects: 5.384700 ms CreateObjectMapping: 1.828000 ms MarkObjects: 14.261400 ms  DeleteObjects: 0.100100 ms)

Campo vivo: inspeccion guardada.
Assertion failed on expression: 'SUCCEEDED(hr)'
Assertion failed on expression: 'SUCCEEDED(hr)'
[Licensing::Client] Successfully resolved entitlement details
Batchmode quit successfully invoked - shutting down!
Clearing [Cardo-Regular SDF] dynamic font asset data.
Clearing [CinzelDecorative-Regular SDF] dynamic font asset data.
Clearing [CardoMarcada] dynamic font asset data.
Clearing [SpectralSC-Regular SDF] dynamic font asset data.
Start importing Assets/Resources/Fuentes/SpectralSC/SpectralSC-Regular SDF.asset using Guid(54a3d28dd6785154fac83f0c31a69b7c) (NativeFormatImporter) -> (artifact id: '961bb0b3a1e887afe82f2308c923f873') in 0.0485122 seconds
Start importing Assets/Resources/Fuentes/Cinzel/CinzelDecorative-Regular SDF.asset using Guid(185ee1c6d79ccd949b75ce671a921084) (NativeFormatImporter) -> (artifact id: '9a0b10e9fde912364f2f7f5b48c5a806') in 0.0309381 seconds
Start importing Assets/Resources/Fuentes/SpectralSC/CardoMarcada.asset using Guid(3a5277fdbfb3ede4085c3336554184ba) (NativeFormatImporter) -> (artifact id: '14c5f654e985a090e21717b68351335a') in 0.0110591 seconds
Start importing Assets/Resources/Fuentes/Cardo/Cardo-Regular SDF.asset using Guid(ff458e0654087aa41a97fa8ea3db3b66) (NativeFormatImporter) -> (artifact id: '8f61097299b887d812b055318deddede') in 0.0312599 seconds
ArgumentException: The specified path is not of a legal form (empty).
  at System.IO.Path.InsecureGetFullPath (System.String path) [0x00025] in <41d29b352f6a475ab1bf7c6628b82790>:0 
  at System.IO.Path.GetFullPath (System.String path) [0x00000] in <41d29b352f6a475ab1bf7c6628b82790>:0 
  at Microsoft.Unity.VisualStudio.Editor.FileUtility.GetAbsolutePath (System.String path) [0x00000] in .\Library\PackageCache\com.unity.ide.visualstudio@a99d56dec63f\Editor\FileUtility.cs:24 
  at Microsoft.Unity.VisualStudio.Editor.VisualStudioEditor.TryGetVisualStudioInstallationForPath (System.String editorPath, System.Boolean lookupDiscoveredInstallations, Microsoft.Unity.VisualStudio.Editor.IVisualStudioInstallation& installation) [0x00000] in .\Library\PackageCache\com.unity.ide.visualstudio@a99d56dec63f\Editor\VisualStudioEditor.cs:100 
  at Microsoft.Unity.VisualStudio.Editor.VisualStudioEditor.SyncIfNeeded (System.String[] addedFiles, System.String[] deletedFiles, System.String[] movedFiles, System.String[] movedFromFiles, System.String[] importedFiles) [0x00000] in .\Library\PackageCache\com.unity.ide.visualstudio@a99d56dec63f\Editor\VisualStudioEditor.cs:171 
  at UnityEditor.CodeEditorProjectSync.PostprocessSyncProject (System.String[] importedAssets, System.String[] addedAssets, System.String[] deletedAssets, System.String[] movedAssets, System.String[] movedFromAssetPaths) [0x0000b] in <a90f148a0c664ac8982a824605784e74>:0 
  at UnityEditor.AssetPostprocessingInternal.PostprocessAllAssets (System.String[] importedAssets, System.String[] addedAssets, System.String[] deletedAssets, System.String[] movedAssets, System.String[] movedFromPathAssets, System.Boolean didDomainReload) [0x00173] in <a90f148a0c664ac8982a824605784e74>:0 

(Filename: ./Library/PackageCache/com.unity.ide.visualstudio@a99d56dec63f/Editor/FileUtility.cs Line: 24)

Refreshing native plugins compatible for Editor in 9.93 ms, found 4 plugins.
Preloading 0 native plugins for Editor in 0.00 ms.
Asset Pipeline Refresh (id=4f211087eaf70f14aa8c985c90770d04): Total: 0.335 seconds - Initiated by StopAssetImportingV2(NoUpdateAssetOptions)
	Summary:
		Imports: total=4 (actual=4, local cache=0, cache server=0)
		Asset DB Process Time: managed=4 ms, native=207 ms
		Asset DB Callback time: managed=86 ms, native=36 ms
		Scripting: domain reloads=0, domain reload time=0 ms, compile time=0 ms, other=0 ms
		Project Asset Count: scripts=1185, non-scripts=3639
		Asset File Changes: new=0, changed=0, moved=0, deleted=0
		Scan Filter Count: 10
	InvokeCustomDependenciesCallbacks: 0.001ms
	InvokePackagesCallback: 0.001ms
	ApplyChangesToAssetFolders: 0.106ms
	Scan: 17.847ms
	OnSourceAssetsModified: 0.001ms
	CategorizeAssetsWithTransientArtifact: 0.018ms
	ProcessAssetsWithTransientArtifactChanges: 0.044ms
	CategorizeAssets: 1.731ms
	ImportOutOfDateAssets: 186.877ms (0.361ms without children)
		ImportManagerImport: 184.877ms (60.987ms without children)
			ImportInProcess: 123.825ms
			UpdateCategorizedAssets: 0.066ms
		ReloadNativeAssets: 0.231ms
		UnloadImportedAssets: 0.362ms
		ReloadImportedAssets: 0.001ms
		EnsureUptoDateAssetsAreRegisteredWithGuidPM: 0.634ms
		InitializingProgressBar: 0.006ms
		PostProcessAllAssetNotificationsAddChangedAssets: 0.001ms
		OnDemandSchedulerStart: 0.405ms
	PostProcessAllAssets: 104.057ms
	Hotreload: 19.080ms
	GatherAllCurrentPrimaryArtifactRevisions: 0.222ms
	UnloadStreamsBegin: 1.365ms
	PersistCurrentRevisions: 0.158ms
	UnloadStreamsEnd: 0.136ms
	Untracked: 2.995ms

Leftover web requests after shut down
[Physics::Module] Cleanup current backend.
[Physics::Module] Id: 0xf2b8ea05
Input System module state changed to: ShutdownInProgress.
Input System polling thread exited.
Input System module state changed to: Shutdown.
[Licensing::IpcConnector] LicenseClient-Pablo-notifications channel disconnected successfully.
[Licensing::IpcConnector] LicenseClient-Pablo channel disconnected successfully.
AcceleratorClientConnectionCallback - disconnected - :0
Cleanup mono
Exiting batchmode successfully now!
Exiting without the bug reporter. Application will terminate with return code 0