Assertion failed on expression: 'SUCCEEDED(hr)'
Assertion failed on expression: 'SUCCEEDED(hr)'
[Licensing::Module] Trying to connect to existing licensing client channel...
Built from '6000.3/staging' branch; Version is '6000.3.20f1 (c9ba695d4f07) revision 13220457'; Using compiler version '194234433'; Build Type 'Release'
[Licensing::IpcConnector] Successfully connected to: "LicenseClient-Pablo" at "2026-09-10T00:23:01.5885264Z"
OS: 'Windows 10  (10.0.19045) 64bit Professional' Language: 'es' Physical Memory: 32717 MB
BatchMode: 1, IsHumanControllingUs: 0, StartBugReporterOnCrash: 0, Is64bit: 1
System  architecture: x64
Process architecture: x64
Date: 2026-09-10T00:23:01Z

COMMAND LINE ARGUMENTS:
C:\Program Files\Unity\Hub\Editor\6000.3.20f1\Editor\Unity.exe
-batchmode
-projectPath
C:/UnityProyectosNOborrar/GDD - Untitled/Temp/BosquePreview
-executeMethod
BosqueRender.Run
-quit
-logFile
C:/UnityProyectosNOborrar/GDD - Untitled/output/ambiente-bosque/render-llamas-sin-pulso.log
Successfully changed project path to: C:/UnityProyectosNOborrar/GDD - Untitled/Temp/BosquePreview
C:/UnityProyectosNOborrar/GDD - Untitled/Temp/BosquePreview
[UnityMemory] Configuration Parameters - Can be set up in boot.config
    "memorysetup-temp-allocator-size-nav-mesh-worker=65536"
    "memorysetup-temp-allocator-size-audio-worker=65536"
    "memorysetup-temp-allocator-size-gfx=262144"
    "memorysetup-allocator-temp-initial-block-size-main=262144"
    "memorysetup-allocator-temp-initial-block-size-worker=262144"
    "memorysetup-temp-allocator-size-background-worker=32768"
    "memorysetup-temp-allocator-size-job-worker=262144"
    "memorysetup-temp-allocator-size-preload-manager=33554432"
    "memorysetup-temp-allocator-size-gi-baking-worker=262144"
    "memorysetup-temp-allocator-size-gi-baking-worker=262144"
    "memorysetup-temp-allocator-size-gi-baking-worker=262144"
    "memorysetup-temp-allocator-size-gi-baking-worker=262144"
    "memorysetup-temp-allocator-size-gi-baking-worker=262144"
    "memorysetup-bucket-allocator-granularity=16"
    "memorysetup-bucket-allocator-bucket-count=8"
    "memorysetup-bucket-allocator-block-size=33554432"
    "memorysetup-bucket-allocator-block-count=8"
    "memorysetup-main-allocator-block-size=16777216"
    "memorysetup-thread-allocator-block-size=16777216"
    "memorysetup-gfx-main-allocator-block-size=16777216"
    "memorysetup-gfx-thread-allocator-block-size=16777216"
    "memorysetup-cache-allocator-block-size=4194304"
    "memorysetup-typetree-allocator-block-size=2097152"
    "memorysetup-profiler-bucket-allocator-granularity=16"
    "memorysetup-profiler-bucket-allocator-bucket-count=8"
    "memorysetup-profiler-bucket-allocator-block-size=33554432"
    "memorysetup-profiler-bucket-allocator-block-count=8"
    "memorysetup-profiler-allocator-block-size=16777216"
    "memorysetup-profiler-editor-allocator-block-size=1048576"
    "memorysetup-temp-allocator-size-main=16777216"
    "memorysetup-job-temp-allocator-block-size=2097152"
    "memorysetup-job-temp-allocator-block-size-background=1048576"
    "memorysetup-job-temp-allocator-reduction-small-platforms=262144"
    "memorysetup-temp-allocator-size-cloud-worker=32768"
Player connection [31196]  Target information:

Player connection [31196]  * "[IP] 192.168.100.6 [Port] 55505 [Flags] 2 [Guid] 710750661 [EditorId] 710750661 [Version] 1048832 [Id] WindowsEditor(7,DESKTOP-IAS7GE8) [Debug] 1 [PackageName] WindowsEditor [ProjectName] Editor" 

Player connection [31196]  * "[IP] 192.168.193.7 [Port] 55505 [Flags] 2 [Guid] 710750661 [EditorId] 710750661 [Version] 1048832 [Id] WindowsEditor(7,DESKTOP-IAS7GE8) [Debug] 1 [PackageName] WindowsEditor [ProjectName] Editor" 

Player connection [31196] Host joined multi-casting on [225.0.0.222:54997]...
Player connection [31196] Host joined alternative multi-casting on [225.0.0.222:34997]...
Input System module state changed to: Initialized.
[Physics::Module] Initialized fallback backend.
[Physics::Module] Id: 0xdecafbad
[Licensing::Client] Code 10 while verifying Licensing Client signature (process Id: 20652, path: "C:/Program Files/Unity Hub/UnityLicensingClient_V1/Unity.Licensing.Client.exe")
[Licensing::Module] LicensingClient has failed validation; ignoring
[Licensing::Client] Handshaking with LicensingClient:
  Version:                 1.18.3+d7ffd15
  Session Id:              e010f4f497db4e6e890d81703d659e7c
  Correlation Id:          8b06f6eeb886d2764bcd03c118c25fa5
  External correlation Id: 3650345820486359492
  Machine Id:              s2vqK+FirQPpy6L4elJAoHlXiTM=
[Licensing::Module] Successfully connected to LicensingClient on channel: "LicenseClient-Pablo" (connect: 0.00s, validation: 0.00s, handshake: 0.06s)
[Licensing::IpcConnector] Successfully connected to: "LicenseClient-Pablo-notifications" at "2026-09-10T00:23:01.6505186Z"
[Licensing::Module] Error: Access token is unavailable; failed to update
[Licensing::Client] Successfully resolved entitlement details
[Licensing::Module] License group:
  Id: F4-AUGU-9VX5-WU58-JJSY-XXXX
  Product: Unity Personal
  Type: ULF
  Expiration: Unlimited
[Licensing::Client] Successfully updated license, isAsync: True, time: 0.00
[Licensing::Client] Successfully resolved entitlement details
[Licensing::Module] Licensing Background thread has ended after 0.08s
[Package Manager] Connected to IPC stream "Upm-37100" after 0.3 seconds.
[Licensing::Client] Successfully resolved entitlement details
Library Redirect Path: Library/
Rebuilding Library because the asset database could not be found!
[Physics::Module] Selected backend.
[Physics::Module] Name: PhysX
[Physics::Module] Id: 0xf2b8ea05
[Physics::Module] SDK Version: 4.1.2
[Physics::Module] Integration Version: 1.0.0
[Physics::Module] Threading Mode: Multi-Threaded
Refreshing native plugins compatible for Editor in 0.00 ms, found 0 plugins.
Preloading 0 native plugins for Editor in 0.00 ms.
Initialize engine version: 6000.3.20f1 (c9ba695d4f07)
[Subsystems] Discovering subsystems at path C:/Program Files/Unity/Hub/Editor/6000.3.20f1/Editor/Data/Resources/UnitySubsystems
[Subsystems] Discovering subsystems at path C:/UnityProyectosNOborrar/GDD - Untitled/Temp/BosquePreview/Assets
GfxDevice: creating device client; kGfxThreadingModeNonThreaded
Direct3D:
    Version:  Direct3D 11.0 [level 11.1]
    Renderer: NVIDIA GeForce RTX 2060 (ID=0x1f08)
    Vendor:   NVIDIA
    VRAM:     5954 MB
    Driver:   32.0.15.9579
Initialize mono
Mono path[0] = 'C:/Program Files/Unity/Hub/Editor/6000.3.20f1/Editor/Data/Managed'
Mono path[1] = 'C:/Program Files/Unity/Hub/Editor/6000.3.20f1/Editor/Data/MonoBleedingEdge/lib/mono/unityjit-win32'
Mono config path = 'C:/Program Files/Unity/Hub/Editor/6000.3.20f1/Editor/Data/MonoBleedingEdge/etc'
Using monoOptions --debugger-agent=transport=dt_socket,embedding=1,server=y,suspend=n,address=127.0.0.1:56100
Using cacheserver namespaces - metadata:defaultmetadata, artifacts:defaultartifacts
Using cacheserver namespaces - metadata:defaultmetadata, artifacts:defaultartifacts
ImportWorker Server TCP listen port: 0
AcceleratorClientConnectionCallback - disconnected - :0
Begin MonoManager ReloadAssembly
Registering precompiled unity dll's ...
Register platform support module: C:/Program Files/Unity/Hub/Editor/6000.3.20f1/Editor/Data/PlaybackEngines/WindowsStandaloneSupport/UnityEditor.WindowsStandalone.Extensions.dll
Registered in 0.004300 seconds.
- Loaded All Assemblies, in  0.667 seconds
Native extension for WindowsStandalone target not found
Package Manager log level set to [2]
ScheduleIndexationOnStartup MainProcess:False IndexOnStartup:False
Mono: successfully reloaded assembly
- Finished resetting the current domain, in  0.676 seconds
Domain Reload Profiling: 1336ms
	BeginReloadAssembly (229ms)
		ExecutionOrderSort (0ms)
		DisableScriptedObjects (0ms)
		BackupInstance (0ms)
		ReleaseScriptingObjects (0ms)
		CreateAndSetChildDomain (18ms)
	RebuildCommonClasses (63ms)
	RebuildNativeTypeToScriptingClass (21ms)
	initialDomainReloadingComplete (83ms)
	LoadAllAssembliesAndSetupDomain (263ms)
		LoadAssemblies (203ms)
		RebuildTransferFunctionScriptingTraits (0ms)
		AnalyzeDomain (257ms)
			TypeCache.Refresh (255ms)
				TypeCache.ScanAssembly (236ms)
			BuildScriptInfoCaches (0ms)
			ResolveRequiredComponents (1ms)
	FinalizeReload (677ms)
		ReleaseScriptCaches (0ms)
		RebuildScriptCaches (0ms)
		SetupLoadedEditorAssemblies (612ms)
			LogAssemblyErrors (0ms)
			InitializePlatformSupportModulesInManaged (79ms)
			SetLoadedEditorAssemblies (5ms)
			BeforeProcessingInitializeOnLoad (131ms)
			ProcessInitializeOnLoadAttributes (228ms)
			ProcessInitializeOnLoadMethodAttributes (169ms)
			AfterProcessingInitializeOnLoad (0ms)
			EditorAssembliesLoaded (0ms)
		ExecutionOrderSort2 (0ms)
		AwakeInstancesAfterBackupRestoration (0ms)
[Licensing::Client] Successfully resolved entitlement details
Application.AssetDatabase Initial Refresh Start
[Package Manager] Done resolving packages in 0.57 seconds
[Licensing::Client] Successfully resolved entitlement details
[Package Manager] Lock file was created
[Package Manager] Registered 7 packages:
  Built-in packages:
    com.unity.modules.particlesystem@1.0.0 (location: C:\UnityProyectosNOborrar\GDD - Untitled\Temp\BosquePreview\Library\PackageCache\com.unity.modules.particlesystem)
    com.unity.modules.physics@1.0.0 (location: C:\UnityProyectosNOborrar\GDD - Untitled\Temp\BosquePreview\Library\PackageCache\com.unity.modules.physics)
    com.unity.modules.imageconversion@1.0.0 (location: C:\UnityProyectosNOborrar\GDD - Untitled\Temp\BosquePreview\Library\PackageCache\com.unity.modules.imageconversion)
    com.unity.modules.audio@1.0.0 (location: C:\UnityProyectosNOborrar\GDD - Untitled\Temp\BosquePreview\Library\PackageCache\com.unity.modules.audio)
    com.unity.modules.ui@1.0.0 (location: C:\UnityProyectosNOborrar\GDD - Untitled\Temp\BosquePreview\Library\PackageCache\com.unity.modules.ui)
    com.unity.modules.imgui@1.0.0 (location: C:\UnityProyectosNOborrar\GDD - Untitled\Temp\BosquePreview\Library\PackageCache\com.unity.modules.imgui)
  Embedded packages:
    com.unity.ugui@file:C:\UnityProyectosNOborrar\GDD - Untitled\Temp\BosquePreview\Packages\com.unity.ugui (location: C:\UnityProyectosNOborrar\GDD - Untitled\Temp\BosquePreview\Packages\com.unity.ugui)
[Subsystems] No new subsystems found in resolved package list.
[Package Manager] Done registering packages in 0.00 seconds
[ScriptCompilation] Requested script compilation because: Assembly Definition File(s) changed
[ScriptCompilation] Requested script compilation because: Assetdatabase observed changes in script compilation related files
Starting: C:\Program Files\Unity\Hub\Editor\6000.3.20f1\Editor\Data\Tools\BuildPipeline\bee_backend.exe --ipc --defer-dag-verification --dagfile="Library/Bee/1900b0aE.dag" --continue-on-failure --profile="Library/Bee/backend1.traceevents" ScriptAssemblies
WorkingDir: C:/UnityProyectosNOborrar/GDD - Untitled/Temp/BosquePreview
ExitCode: 4 Duration: 0s64ms
[             ] Require frontend run.  Library/Bee/1900b0aE.dag couldn't be loaded
DisplayProgressbar: Compiling Scripts
Starting: C:\Program Files\Unity\Hub\Editor\6000.3.20f1\Editor\Data\netcorerun\netcorerun.exe "C:\Program Files\Unity\Hub\Editor\6000.3.20f1\Editor\Data\Tools\BuildPipeline\ScriptCompilationBuildProgram.exe" "Library/Bee/1900b0aE.dag.json" "Library/Bee/1900b0aE-inputdata.json" "Library\Bee\buildprogram0.traceevents"
WorkingDir: C:/UnityProyectosNOborrar/GDD - Untitled/Temp/BosquePreview
ExitCode: 0 Duration: 0s771ms
Starting: C:\Program Files\Unity\Hub\Editor\6000.3.20f1\Editor\Data\Tools\BuildPipeline\bee_backend.exe --ipc --defer-dag-verification --dagfile="Library/Bee/1900b0aE.dag" --continue-on-failure --dagfilejson="Library\Bee\1900b0aE.dag.json" --profile="Library/Bee/backend2.traceevents" ScriptAssemblies
WorkingDir: C:/UnityProyectosNOborrar/GDD - Untitled/Temp/BosquePreview
ExitCode: 0 Duration: 10s
Finished compiling graph: 212 nodes, 1552 flattened edges (1458 ToBuild, 16 ToUse), maximum node priority 108
[  1/209    0s] MovedFromExtractor Library/Bee/artifacts/mvdfrm/UnityEngine.GIModule.dll_29CB9991AE7F65CF.mvfrm
[  2/209    0s] MovedFromExtractor Library/Bee/artifacts/mvdfrm/UnityEngine.ClusterRendererModule.dll_603A7EB0F343A494.mvfrm
[  3/209    0s] MovedFromExtractor Library/Bee/artifacts/mvdfrm/UnityEngine.DSPGraphModule.dll_147F513F58972AEA.mvfrm
[  4/209    0s] MovedFromExtractor Library/Bee/artifacts/mvdfrm/UnityEngine.ClusterInputModule.dll_A353574CF720177D.mvfrm
[  5/209    0s] MovedFromExtractor Library/Bee/artifacts/mvdfrm/UnityEngine.ContentLoadModule.dll_3CE607CDB364DE96.mvfrm
[  6/209    0s] MovedFromExtractor Library/Bee/artifacts/mvdfrm/UnityEditor.dll_D6F3844486E97C44.mvfrm
[  7/209    0s] MovedFromExtractor Library/Bee/artifacts/mvdfrm/UnityEditor.XRModule.dll_D42546AC2E8F226C.mvfrm
[  8/209    0s] MovedFromExtractor Library/Bee/artifacts/mvdfrm/UnityEngine.CrashReportingModule.dll_BB1EB5876A62F7C4.mvfrm
[  9/209    0s] MovedFromExtractor Library/Bee/artifacts/mvdfrm/UnityEditor.VideoModule.dll_BDD05C1C5BAD4B4D.mvfrm
[ 10/209    0s] MovedFromExtractor Library/Bee/artifacts/mvdfrm/UnityEngine.AudioModule.dll_5EF39415CA98604D.mvfrm
[ 11/209    0s] MovedFromExtractor Library/Bee/artifacts/mvdfrm/UnityEngine.CoreModule.dll_5EDA45B3C80740AC.mvfrm
[ 12/209    0s] MovedFromExtractor Library/Bee/artifacts/mvdfrm/UnityEngine.ARModule.dll_4B0215876FEDDC7E.mvfrm
[ 13/209    0s] MovedFromExtractor Library/Bee/artifacts/mvdfrm/UnityEditor.VectorGraphicsModule.dll_EA53D36D4E8E6590.mvfrm
[ 14/209    0s] MovedFromExtractor Library/Bee/artifacts/mvdfrm/UnityEditor.UIElementsModule.dll_72C969F0E921AF1D.mvfrm
[ 15/209    0s] MovedFromExtractor Library/Bee/artifacts/mvdfrm/UnityEditor.UmbraModule.dll_139B83CA2641DB1B.mvfrm
[ 16/209    0s] MovedFromExtractor Library/Bee/artifacts/mvdfrm/UnityEditor.TilemapModule.dll_C305DFD636A20970.mvfrm
[ 17/209    0s] MovedFromExtractor Library/Bee/artifacts/mvdfrm/UnityEditor.UIAutomationModule.dll_D91DC3B1BD28285D.mvfrm
[ 18/209    0s] MovedFromExtractor Library/Bee/artifacts/mvdfrm/UnityEditor.UIElementsSamplesModule.dll_339EF9FA7F553320.mvfrm
[ 19/209    0s] MovedFromExtractor Library/Bee/artifacts/mvdfrm/UnityEditor.UnityConnectModule.dll_23B6E237459844B7.mvfrm
[ 20/209    0s] MovedFromExtractor Library/Bee/artifacts/mvdfrm/UnityEditor.VFXModule.dll_F8B1696446F8937A.mvfrm
[ 21/209    0s] MovedFromExtractor Library/Bee/artifacts/mvdfrm/UnityEditor.UIToolkitAuthoringModule.dll_1AE5AF2C88ED259F.mvfrm
[ 22/209    0s] MovedFromExtractor Library/Bee/artifacts/mvdfrm/UnityEditor.UIBuilderModule.dll_DC0574D4580422A9.mvfrm
[ 23/209    0s] MovedFromExtractor Library/Bee/artifacts/mvdfrm/UnityEditor.TreeModule.dll_9965676FA7C76AC0.mvfrm
[ 24/209    0s] MovedFromExtractor Library/Bee/artifacts/mvdfrm/UnityEngine.GameCenterModule.dll_1B5F9CDEF8820EE4.mvfrm
[ 25/209    0s] MovedFromExtractor Library/Bee/artifacts/mvdfrm/UnityEditor.TextRenderingModule.dll_9AB907EC2149DE71.mvfrm
[ 26/209    0s] MovedFromExtractor Library/Bee/artifacts/mvdfrm/UnityEditor.SubstanceModule.dll_315C549175038182.mvfrm
[ 27/209    0s] MovedFromExtractor Library/Bee/artifacts/mvdfrm/UnityEditor.TextCoreFontEngineModule.dll_E78F1A9F6A66A1DF.mvfrm
[ 28/209    0s] MovedFromExtractor Library/Bee/artifacts/mvdfrm/UnityEditor.TextCoreTextEngineModule.dll_2F775110F9EA5AFD.mvfrm
[ 29/209    0s] MovedFromExtractor Library/Bee/artifacts/mvdfrm/UnityEditor.TerrainModule.dll_240978551EE52867.mvfrm
[ 30/209    0s] MovedFromExtractor Library/Bee/artifacts/mvdfrm/UnityEditor.SpriteShapeModule.dll_B76B0C58884A5E2E.mvfrm
[ 31/209    0s] MovedFromExtractor Library/Bee/artifacts/mvdfrm/UnityEditor.SketchUpModule.dll_FC2C12A5AD9D1E59.mvfrm
[ 32/209    0s] MovedFromExtractor Library/Bee/artifacts/mvdfrm/UnityEditor.ShaderCompilationModule.dll_3F6D5C72625927F0.mvfrm
[ 33/209    0s] MovedFromExtractor Library/Bee/artifacts/mvdfrm/UnityEditor.SpriteMaskModule.dll_03DDA22717AD8B13.mvfrm
[ 34/209    0s] MovedFromExtractor Library/Bee/artifacts/mvdfrm/UnityEditor.ShaderFoundryModule.dll_8FF5B5F3F19CA9A6.mvfrm
[ 35/209    0s] MovedFromExtractor Library/Bee/artifacts/mvdfrm/UnityEditor.SceneViewModule.dll_C62CAABFDA6E7683.mvfrm
[ 36/209    0s] MovedFromExtractor Library/Bee/artifacts/mvdfrm/UnityEditor.ShaderBuildSettingsModule.dll_EDA3B1B90F33579E.mvfrm
[ 37/209    0s] MovedFromExtractor Library/Bee/artifacts/mvdfrm/UnityEditor.PropertiesModule.dll_47EC6ED5692959D5.mvfrm
[ 38/209    0s] MovedFromExtractor Library/Bee/artifacts/mvdfrm/UnityEditor.SceneTemplateModule.dll_5115E5B0CEED2D18.mvfrm
[ 39/209    0s] MovedFromExtractor Library/Bee/artifacts/mvdfrm/UnityEditor.QuickSearchModule.dll_5FE67B9B827B81B7.mvfrm
[ 40/209    0s] MovedFromExtractor Library/Bee/artifacts/mvdfrm/UnityEditor.SafeModeModule.dll_14172D55626B8242.mvfrm
[ 41/209    0s] MovedFromExtractor Library/Bee/artifacts/mvdfrm/UnityEditor.PlayModeModule.dll_5A0B1F0F013491A9.mvfrm
[ 42/209    0s] MovedFromExtractor Library/Bee/artifacts/mvdfrm/UnityEditor.Physics2DModule.dll_ECC242E87B25C3CB.mvfrm
[ 43/209    0s] MovedFromExtractor Library/Bee/artifacts/mvdfrm/UnityEditor.QuickInstallModule.dll_075C2300623ACDD0.mvfrm
[ 44/209    0s] MovedFromExtractor Library/Bee/artifacts/mvdfrm/UnityEditor.MultiplayerModule.dll_1DB1FB8A8B6FB39C.mvfrm
[ 45/209    0s] MovedFromExtractor Library/Bee/artifacts/mvdfrm/UnityEditor.GridModule.dll_192A8E4F38566B78.mvfrm
[ 46/209    0s] MovedFromExtractor Library/Bee/artifacts/mvdfrm/UnityEditor.MediaModule.dll_6486F1431767B836.mvfrm
[ 47/209    0s] MovedFromExtractor Library/Bee/artifacts/mvdfrm/UnityEditor.PresetsUIModule.dll_42E30099E7A4017A.mvfrm
[ 48/209    0s] MovedFromExtractor Library/Bee/artifacts/mvdfrm/UnityEditor.HierarchyModule.dll_74F0CE93A32AE837.mvfrm
[ 49/209    0s] MovedFromExtractor Library/Bee/artifacts/mvdfrm/UnityEditor.GraphViewModule.dll_877CC7B7E54BA975.mvfrm
[ 50/209    0s] MovedFromExtractor Library/Bee/artifacts/mvdfrm/UnityEditor.GridAndSnapModule.dll_DE8FE10FAD09424D.mvfrm
[ 51/209    0s] MovedFromExtractor Library/Bee/artifacts/mvdfrm/UnityEditor.EditorToolbarModule.dll_2D7674F2D00082E0.mvfrm
[ 52/209    0s] WriteText Library/Bee/artifacts/1900b0aE.dag/UnityEngine.UI.rsp2
[ 53/209    0s] MovedFromExtractor Library/Bee/artifacts/mvdfrm/UnityEditor.GraphicsStateCollectionSerializerModule.dll_6803A9D5D13887B8.mvfrm
[ 54/209    0s] WriteText Library/Bee/artifacts/1900b0aE.dag/UnityEngine.UI.UnityAdditionalFile.txt
[ 55/209    0s] MovedFromExtractor Library/Bee/artifacts/mvdfrm/UnityEditor.GIModule.dll_EB5D080243023204.mvfrm
[ 56/209    0s] MovedFromExtractor Library/Bee/artifacts/mvdfrm/UnityEditor.DiagnosticsModule.dll_D4D6FA8E29A4855E.mvfrm
[ 57/209    0s] MovedFromExtractor Library/Bee/artifacts/mvdfrm/UnityEditor.EmbreeModule.dll_7711F962BF7F67EA.mvfrm
[ 58/209    0s] MovedFromExtractor Library/Bee/artifacts/mvdfrm/UnityEditor.ClothModule.dll_FFAF34AC73380E8C.mvfrm
[ 59/209    0s] MovedFromExtractor Library/Bee/artifacts/mvdfrm/UnityEditor.CoreBusinessMetricsModule.dll_6568648A627B5556.mvfrm
[ 60/209    0s] MovedFromExtractor Library/Bee/artifacts/mvdfrm/UnityEditor.DeviceSimulatorModule.dll_5A8DBC3F83889710.mvfrm
[ 61/209    0s] MovedFromExtractor Library/Bee/artifacts/mvdfrm/UnityEditor.BuildProfileModule.dll_287CD4C120B45F9D.mvfrm
[ 62/209    0s] MovedFromExtractor Library/Bee/artifacts/mvdfrm/UnityEngine.ShaderRuntimeModule.dll_1392FA761F66BF2A.mvfrm
[ 63/209    0s] MovedFromExtractor Library/Bee/artifacts/mvdfrm/UnityEditor.CoreModule.dll_3BB972612001D581.mvfrm
[ 64/209    0s] MovedFromExtractor Library/Bee/artifacts/mvdfrm/UnityEngine.dll_0997CB1CE55D0929.mvfrm
[ 65/209    0s] MovedFromExtractor Library/Bee/artifacts/mvdfrm/UnityEditor.AssetComplianceModule.dll_9368CC2DFE447B3D.mvfrm
[ 66/209    0s] MovedFromExtractor Library/Bee/artifacts/mvdfrm/UnityEngine.VFXModule.dll_04D30BB7B6A8A17F.mvfrm
[ 67/209    0s] MovedFromExtractor Library/Bee/artifacts/mvdfrm/UnityEditor.AdaptivePerformanceModule.dll_E57D6B103C34265C.mvfrm
[ 68/209    0s] MovedFromExtractor Library/Bee/artifacts/mvdfrm/UnityEngine.UnityConsentModule.dll_E2BBFD724D2ADBB2.mvfrm
[ 69/209    0s] MovedFromExtractor Library/Bee/artifacts/mvdfrm/UnityEngine.UnityCurlModule.dll_891EE5122FBC7008.mvfrm
[ 70/209    0s] MovedFromExtractor Library/Bee/artifacts/mvdfrm/UnityEngine.UnityConnectModule.dll_1116664640204562.mvfrm
[ 71/209    0s] MovedFromExtractor Library/Bee/artifacts/mvdfrm/UnityEngine.VirtualTexturingModule.dll_3C36D684EF0AAC4A.mvfrm
[ 72/209    0s] MovedFromExtractor Library/Bee/artifacts/mvdfrm/UnityEditor.AccessibilityModule.dll_F77A5F20566AD190.mvfrm
[ 73/209    0s] MovedFromExtractor Library/Bee/artifacts/mvdfrm/UnityEngine.UIModule.dll_8D02EEB16F178361.mvfrm
[ 74/209    0s] MovedFromExtractor Library/Bee/artifacts/mvdfrm/UnityEngine.SubstanceModule.dll_E742457A5A833367.mvfrm
[ 75/209    0s] MovedFromExtractor Library/Bee/artifacts/mvdfrm/UnityEngine.TextCoreFontEngineModule.dll_65EE95F27D6460AA.mvfrm
[ 76/209    0s] MovedFromExtractor Library/Bee/artifacts/mvdfrm/UnityEngine.UnityAnalyticsCommonModule.dll_8FEBDF2F0D9B1FC9.mvfrm
[ 77/209    0s] MovedFromExtractor Library/Bee/artifacts/mvdfrm/UnityEngine.StreamingModule.dll_0A9731310F303559.mvfrm
[ 78/209    0s] MovedFromExtractor Library/Bee/artifacts/mvdfrm/UnityEngine.TLSModule.dll_83F47348E03B3812.mvfrm
[ 79/209    0s] MovedFromExtractor Library/Bee/artifacts/mvdfrm/UnityEngine.TextCoreTextEngineModule.dll_ADD6CC640CE819C8.mvfrm
[ 80/209    0s] MovedFromExtractor Library/Bee/artifacts/mvdfrm/UnityEngine.TextRenderingModule.dll_26F9FA139A426196.mvfrm
[ 81/209    0s] MovedFromExtractor Library/Bee/artifacts/mvdfrm/UnityEngine.SpriteMaskModule.dll_048C0F6F19F1A45E.mvfrm
[ 82/209    0s] MovedFromExtractor Library/Bee/artifacts/mvdfrm/UnityEngine.SharedInternalsModule.dll_503DBB36EC9657D8.mvfrm
[ 83/209    0s] MovedFromExtractor Library/Bee/artifacts/mvdfrm/UnityEngine.ShaderVariantAnalyticsModule.dll_89AB31DA501A0BB3.mvfrm
[ 84/209    0s] MovedFromExtractor Library/Bee/artifacts/mvdfrm/UnityEngine.SpriteShapeModule.dll_BD30DBE79A846EB3.mvfrm
[ 85/209    0s] MovedFromExtractor Library/Bee/artifacts/mvdfrm/UnityEngine.RenderAs2DModule.dll_89D29EA34AC7BD57.mvfrm
[ 86/209    0s] MovedFromExtractor Library/Bee/artifacts/mvdfrm/UnityEngine.PhysicsBackendPhysXModule.dll_8020E7535A35BC20.mvfrm
[ 87/209    0s] MovedFromExtractor Library/Bee/artifacts/mvdfrm/UnityEngine.RuntimeInitializeOnLoadManagerInitializerModule.dll_B786D89CB2AE4679.mvfrm
[ 88/209    0s] MovedFromExtractor Library/Bee/artifacts/mvdfrm/UnityEngine.PhysicsModule.dll_FC3DB590AE35C6BE.mvfrm
[ 89/209    0s] MovedFromExtractor Library/Bee/artifacts/mvdfrm/UnityEditor.PhysicsModule.dll_09C2FCE64926DF79.mvfrm
[ 90/209    0s] MovedFromExtractor Library/Bee/artifacts/mvdfrm/UnityEngine.LocalizationModule.dll_E1A0219F8E9C0A76.mvfrm
[ 91/209    0s] MovedFromExtractor Library/Bee/artifacts/mvdfrm/UnityEngine.PropertiesModule.dll_489ADC1D6B6D7320.mvfrm
[ 92/209    0s] MovedFromExtractor Library/Bee/artifacts/mvdfrm/UnityEngine.MultiplayerModule.dll_2377CB199DA9C421.mvfrm
[ 93/209    0s] MovedFromExtractor Library/Bee/artifacts/mvdfrm/UnityEngine.PerformanceReportingModule.dll_F4AD21EAF3B2816B.mvfrm
[ 94/209    0s] MovedFromExtractor Library/Bee/artifacts/mvdfrm/UnityEngine.InsightsModule.dll_A8F4B86670B3A948.mvfrm
[ 95/209    0s] MovedFromExtractor Library/Bee/artifacts/mvdfrm/UnityEngine.MarshallingModule.dll_4C384D21C90A63FB.mvfrm
[ 96/209    0s] MovedFromExtractor Library/Bee/artifacts/mvdfrm/UnityEngine.ParticleSystemModule.dll_0E30FED3D8748352.mvfrm
[ 97/209    0s] WriteText Library/Bee/artifacts/1900b0aE.dag/UnityEngine.UI.dll.mvfrm.rsp
[ 98/209    0s] WriteText Library/Bee/artifacts/1900b0aE.dag/UnityEngine.UI.rsp
[ 99/209    0s] WriteText Library/Bee/artifacts/1900b0aE.dag/UnityEditor.UI.rsp2
[100/209    0s] WriteText Library/Bee/artifacts/1900b0aE.dag/UnityEditor.UI.UnityAdditionalFile.txt
[101/209    0s] MovedFromExtractor Library/Bee/artifacts/mvdfrm/UnityEngine.ImageConversionModule.dll_CC2C7C6175685C88.mvfrm
[102/209    0s] MovedFromExtractor Library/Bee/artifacts/mvdfrm/UnityEngine.InputModule.dll_C5695BC640D084F1.mvfrm
[103/209    0s] MovedFromExtractor Library/Bee/artifacts/mvdfrm/UnityEngine.HotReloadModule.dll_D74B01E69ADB999D.mvfrm
[104/209    0s] MovedFromExtractor Library/Bee/artifacts/mvdfrm/UnityEngine.IdentifiersModule.dll_7C593682A75B04C1.mvfrm
[105/209    0s] MovedFromExtractor Library/Bee/artifacts/mvdfrm/UnityEngine.InputLegacyModule.dll_3514C9AB7CD3EC9A.mvfrm
[106/209    0s] MovedFromExtractor Library/Bee/artifacts/mvdfrm/UnityEngine.GridModule.dll_3C4B61A1E05BD6A3.mvfrm
[107/209    0s] MovedFromExtractor Library/Bee/artifacts/mvdfrm/UnityEngine.GraphicsStateCollectionSerializerModule.dll_70F776C59E37D11D.mvfrm
[108/209    0s] MovedFromExtractor Library/Bee/artifacts/mvdfrm/UnityEngine.InputForUIModule.dll_1E11F6F858A2ABA0.mvfrm
[109/209    0s] MovedFromExtractor Library/Bee/artifacts/mvdfrm/UnityEngine.IMGUIModule.dll_9753337C90C9F42E.mvfrm
[110/209    0s] MovedFromExtractor Library/Bee/artifacts/mvdfrm/UnityEditor.WindowsStandalone.Extensions.dll_104869791902ED2F.mvfrm
[111/209    0s] MovedFromExtractor Library/Bee/artifacts/mvdfrm/UnityEditor.Graphs.dll_EE3CE096DF399EB3.mvfrm
[112/209    0s] MovedFromExtractor Library/Bee/artifacts/mvdfrm/UnityEngine.TilemapModule.dll_B58098809BB0F0B5.mvfrm
[113/209    0s] MovedFromExtractor Library/Bee/artifacts/mvdfrm/UnityEngine.TerrainPhysicsModule.dll_0EABA7A6F1B77DDF.mvfrm
[114/209    0s] MovedFromExtractor Library/Bee/artifacts/mvdfrm/UnityEngine.SubsystemsModule.dll_6F3975D0E8398C71.mvfrm
[115/209    0s] MovedFromExtractor Library/Bee/artifacts/mvdfrm/UnityEngine.UmbraModule.dll_D9C8402E57BF0BC0.mvfrm
[116/209    0s] MovedFromExtractor Library/Bee/artifacts/mvdfrm/UnityEngine.VRModule.dll_DFD5153710D208D9.mvfrm
[117/209    0s] MovedFromExtractor Library/Bee/artifacts/mvdfrm/UnityEngine.UIElementsModule.dll_7377D738EB65C868.mvfrm
[118/209    0s] MovedFromExtractor Library/Bee/artifacts/mvdfrm/UnityEngine.TerrainModule.dll_168430FF83F40FAC.mvfrm
[119/209    0s] MovedFromExtractor Library/Bee/artifacts/mvdfrm/UnityEngine.Physics2DModule.dll_A2A833D160A575B0.mvfrm
[120/209    0s] MovedFromExtractor Library/Bee/artifacts/mvdfrm/UnityEngine.ScreenCaptureModule.dll_FDBA8808E30AE1A1.mvfrm
[121/209    0s] MovedFromExtractor-Combine Library/Bee/artifacts/1900b0aE.dag/UnityEngine.UI.dll.mvfrm
[122/209    0s] MovedFromExtractor Library/Bee/artifacts/mvdfrm/UnityEngine.NVIDIAModule.dll_CF23114A1D1C8298.mvfrm
[123/209    0s] MovedFromExtractor Library/Bee/artifacts/mvdfrm/UnityEngine.DirectorModule.dll_0F2DEFD5E63659C9.mvfrm
[124/209    0s] MovedFromExtractor Library/Bee/artifacts/mvdfrm/UnityEngine.HierarchyModule.dll_2AD6BF7C88AA9A1C.mvfrm
[125/209    0s] MovedFromExtractor Library/Bee/artifacts/mvdfrm/UnityEngine.HierarchyCoreModule.dll_FAD5EE223E10ADAB.mvfrm
[126/209    0s] MovedFromExtractor Library/Bee/artifacts/mvdfrm/UnityEngine.AnimationModule.dll_560243E0BFA87E1B.mvfrm
[127/209    0s] MovedFromExtractor Library/Bee/artifacts/mvdfrm/UnityEngine.ClothModule.dll_C5DBF110A4B53F31.mvfrm
[128/209    0s] MovedFromExtractor Library/Bee/artifacts/mvdfrm/UnityEngine.AIModule.dll_918F508412D07DB5.mvfrm
[129/209    0s] MovedFromExtractor Library/Bee/artifacts/mvdfrm/UnityEngine.AdaptivePerformanceModule.dll_A60CFFC677797961.mvfrm
[130/209    0s] MovedFromExtractor Library/Bee/artifacts/mvdfrm/UnityEngine.AssetBundleModule.dll_A3CFAE8CE4E236A9.mvfrm
[131/209    0s] MovedFromExtractor Library/Bee/artifacts/mvdfrm/UnityEngine.AMDModule.dll_8564AFE3B90ABCBF.mvfrm
[132/209    0s] MovedFromExtractor Library/Bee/artifacts/mvdfrm/UnityEngine.AccessibilityModule.dll_83BB5147CF6354B5.mvfrm
[133/209    0s] MovedFromExtractor Library/Bee/artifacts/mvdfrm/UnityEngine.VideoModule.dll_83FD18808D2A7BF2.mvfrm
[134/209    0s] MovedFromExtractor Library/Bee/artifacts/mvdfrm/UnityEngine.AndroidJNIModule.dll_F11252C432411DF3.mvfrm
[135/209    0s] MovedFromExtractor Library/Bee/artifacts/mvdfrm/UnityEngine.XRModule.dll_1293D83B9A0C5637.mvfrm
[136/209    0s] WriteText Library/Bee/artifacts/1900b0aE.dag/UnityEditor.UI.dll.mvfrm.rsp
[137/209    0s] WriteText Library/Bee/artifacts/1900b0aE.dag/UnityEditor.UI.rsp
[138/209    0s] WriteText Library/Bee/artifacts/1900b0aE.dag/Unity.InternalAPIEngineBridge.004.UnityAdditionalFile.txt
[139/209    0s] WriteText Library/Bee/artifacts/1900b0aE.dag/Unity.InternalAPIEngineBridge.004.rsp2
[140/209    0s] WriteText Library/Bee/artifacts/1900b0aE.dag/Unity.InternalAPIEngineBridge.004.dll.mvfrm.rsp
[141/209    0s] WriteText Library/Bee/artifacts/1900b0aE.dag/Unity.InternalAPIEngineBridge.004.rsp
[142/209    0s] WriteText Library/Bee/artifacts/1900b0aE.dag/Unity.TextMeshPro.rsp2
[143/209    0s] WriteText Library/Bee/artifacts/1900b0aE.dag/Unity.TextMeshPro.UnityAdditionalFile.txt
[144/209    0s] WriteText Library/Bee/artifacts/1900b0aE.dag/Unity.TextMeshPro.dll.mvfrm.rsp
[145/209    0s] WriteText Library/Bee/artifacts/1900b0aE.dag/Unity.TextMeshPro.rsp
[146/209    0s] WriteText Library/Bee/artifacts/1900b0aE.dag/UnityEditor.UI.Analytics.rsp2
[147/209    0s] WriteText Library/Bee/artifacts/1900b0aE.dag/UnityEditor.UI.Analytics.UnityAdditionalFile.txt
[148/209    0s] WriteText Library/Bee/artifacts/1900b0aE.dag/Unity.TextMeshPro.Editor.rsp2
[149/209    0s] WriteText Library/Bee/artifacts/1900b0aE.dag/Unity.TextMeshPro.Editor.UnityAdditionalFile.txt
[150/209    0s] WriteText Library/Bee/artifacts/1900b0aE.dag/Unity.TextMeshPro.Editor.dll.mvfrm.rsp
[151/209    0s] WriteText Library/Bee/artifacts/1900b0aE.dag/UnityEditor.UI.Analytics.dll.mvfrm.rsp
[152/209    0s] WriteText Library/Bee/artifacts/1900b0aE.dag/UnityEditor.UI.Analytics.rsp
[153/209    0s] WriteText Library/Bee/artifacts/1900b0aE.dag/Unity.TextMeshPro.Editor.rsp
[154/209    0s] WriteText Library/Bee/artifacts/1900b0aE.dag/Assembly-CSharp.rsp2
[155/209    0s] WriteText Library/Bee/artifacts/1900b0aE.dag/Assembly-CSharp.UnityAdditionalFile.txt
[156/209    0s] WriteText Library/Bee/artifacts/1900b0aE.dag/Assembly-CSharp.dll.mvfrm.rsp
[157/209    0s] WriteText Library/Bee/artifacts/1900b0aE.dag/Assembly-CSharp.rsp
[158/209    0s] WriteText Library/Bee/artifacts/1900b0aE.dag/Assembly-CSharp-Editor.rsp2
[159/209    0s] WriteText Library/Bee/artifacts/1900b0aE.dag/Assembly-CSharp-Editor.UnityAdditionalFile.txt
[160/209    0s] WriteText Library/Bee/artifacts/1900b0aE.dag/Assembly-CSharp-Editor.dll.mvfrm.rsp
[161/209    0s] WriteText Library/Bee/artifacts/1900b0aE.dag/Assembly-CSharp-Editor.rsp
[162/209    0s] MovedFromExtractor Library/Bee/artifacts/mvdfrm/UnityEngine.VehiclesModule.dll_86F0E95560602964.mvfrm
[163/209    0s] MovedFromExtractor Library/Bee/artifacts/mvdfrm/UnityEngine.UnityWebRequestWWWModule.dll_789911BFFCA7D634.mvfrm
[164/209    0s] MovedFromExtractor Library/Bee/artifacts/mvdfrm/UnityEngine.UnityWebRequestAssetBundleModule.dll_A5D63CB1E95C429F.mvfrm
[165/209    0s] MovedFromExtractor Library/Bee/artifacts/mvdfrm/UnityEngine.WindModule.dll_D52920DC593DBF15.mvfrm
[166/209    0s] MovedFromExtractor Library/Bee/artifacts/mvdfrm/UnityEngine.JSONSerializeModule.dll_E3D2DA83CE9EB53F.mvfrm
[167/209    0s] MovedFromExtractor Library/Bee/artifacts/mvdfrm/UnityEngine.VectorGraphicsModule.dll_A57835086A7AF99B.mvfrm
[168/209    0s] MovedFromExtractor Library/Bee/artifacts/mvdfrm/UnityEngine.UnityWebRequestModule.dll_DDCB840B805CF707.mvfrm
[169/209    0s] MovedFromExtractor Library/Bee/artifacts/mvdfrm/UnityEngine.UnityWebRequestAudioModule.dll_6CA975C97A1D4C03.mvfrm
[170/209    0s] MovedFromExtractor Library/Bee/artifacts/mvdfrm/UnityEngine.UnityWebRequestTextureModule.dll_C8F11429A44DD038.mvfrm
[171/209    0s] MovedFromExtractor Library/Bee/artifacts/mvdfrm/UnityEngine.UnityAnalyticsModule.dll_2DD06F9D849BD54E.mvfrm
[171/209    0s] Csc Library/Bee/artifacts/1900b0aE.dag/UnityEngine.UI.dll (+2 others) [CacheHit 34d7e4f733ff05a68e74f7a44a78148800000000000000000000000000000005]
[172/209   1788999791s] Csc Library/Bee/artifacts/1900b0aE.dag/UnityEngine.UI.dll (+2 others)
[174/209    0s] CopyFiles Library/ScriptAssemblies/UnityEngine.UI.pdb
[175/209    0s] CopyFiles Library/ScriptAssemblies/UnityEngine.UI.dll
[176/209    0s] MovedFromExtractor Library/Bee/artifacts/mvdfrm/UnityEngine.UI.ref.dll_08FEAA520A2EFD60.mvfrm
[177/209    0s] MovedFromExtractor-Combine Library/Bee/artifacts/1900b0aE.dag/UnityEditor.UI.dll.mvfrm
[176/209    0s] Csc Library/Bee/artifacts/1900b0aE.dag/UnityEditor.UI.dll (+2 others) [CacheHit db85ca90c57a4c3c1bc5f4b9b1f9383f00000000000000000000000000000005]
[178/209   1788999794s] Csc Library/Bee/artifacts/1900b0aE.dag/UnityEditor.UI.dll (+2 others)
[180/209    0s] CopyFiles Library/ScriptAssemblies/UnityEditor.UI.pdb
[181/209    0s] MovedFromExtractor Library/Bee/artifacts/mvdfrm/UnityEditor.UI.ref.dll_4C98D3F7040CD4F5.mvfrm
[182/209    0s] CopyFiles Library/ScriptAssemblies/UnityEditor.UI.dll
[183/209    0s] MovedFromExtractor-Combine Library/Bee/artifacts/1900b0aE.dag/Unity.InternalAPIEngineBridge.004.dll.mvfrm
[181/209    0s] Csc Library/Bee/artifacts/1900b0aE.dag/Unity.InternalAPIEngineBridge.004.dll (+2 others) [CacheHit 7112fdc934e30c3501f18a27fb939e7400000000000000000000000000000005]
[184/209   1788999795s] Csc Library/Bee/artifacts/1900b0aE.dag/Unity.InternalAPIEngineBridge.004.dll (+2 others)
[186/209    0s] CopyFiles Library/ScriptAssemblies/Unity.InternalAPIEngineBridge.004.pdb
[187/209    0s] CopyFiles Library/ScriptAssemblies/Unity.InternalAPIEngineBridge.004.dll
[188/209    0s] MovedFromExtractor Library/Bee/artifacts/mvdfrm/Unity.InternalAPIEngineBridge.004.ref.dll_9F91F1CFF2D20E26.mvfrm
[189/209    0s] MovedFromExtractor-Combine Library/Bee/artifacts/1900b0aE.dag/Unity.TextMeshPro.dll.mvfrm
[186/209    0s] Csc Library/Bee/artifacts/1900b0aE.dag/Unity.TextMeshPro.dll (+2 others) [CacheHit a9031be71e6b7ae4e1915fb0d4d66e2900000000000000000000000000000005]
[190/209   1788999795s] Csc Library/Bee/artifacts/1900b0aE.dag/Unity.TextMeshPro.dll (+2 others)
[192/209    0s] CopyFiles Library/ScriptAssemblies/Unity.TextMeshPro.pdb
[193/209    0s] CopyFiles Library/ScriptAssemblies/Unity.TextMeshPro.dll
[194/209    0s] MovedFromExtractor Library/Bee/artifacts/mvdfrm/Unity.TextMeshPro.ref.dll_84A4293DBDD182DB.mvfrm
[195/209    0s] MovedFromExtractor-Combine Library/Bee/artifacts/1900b0aE.dag/Unity.TextMeshPro.Editor.dll.mvfrm
[196/209    0s] MovedFromExtractor-Combine Library/Bee/artifacts/1900b0aE.dag/UnityEditor.UI.Analytics.dll.mvfrm
[192/209    0s] Csc Library/Bee/artifacts/1900b0aE.dag/UnityEditor.UI.Analytics.dll (+2 others) [CacheHit 3ba7fc457329db699b51d799159d774700000000000000000000000000000005]
[197/209   1788999795s] Csc Library/Bee/artifacts/1900b0aE.dag/UnityEditor.UI.Analytics.dll (+2 others)
[193/209    0s] Csc Library/Bee/artifacts/1900b0aE.dag/Unity.TextMeshPro.Editor.dll (+2 others) [CacheHit d61595ee7a6174f8c5d064297cee97c400000000000000000000000000000005]
[199/209   1788999795s] Csc Library/Bee/artifacts/1900b0aE.dag/Unity.TextMeshPro.Editor.dll (+2 others)
[201/209    0s] CopyFiles Library/ScriptAssemblies/UnityEditor.UI.Analytics.pdb
[202/209    0s] CopyFiles Library/ScriptAssemblies/Unity.TextMeshPro.Editor.pdb
[203/209    0s] CopyFiles Library/ScriptAssemblies/UnityEditor.UI.Analytics.dll
[204/209    0s] MovedFromExtractor Library/Bee/artifacts/mvdfrm/UnityEditor.UI.Analytics.ref.dll_3B64A5A3A726AD5D.mvfrm
[205/209    0s] MovedFromExtractor Library/Bee/artifacts/mvdfrm/Unity.TextMeshPro.Editor.ref.dll_159E061D77A10B86.mvfrm
[206/209    0s] MovedFromExtractor-Combine Library/Bee/artifacts/1900b0aE.dag/Assembly-CSharp.dll.mvfrm
[207/209    0s] MovedFromExtractor-Combine Library/Bee/artifacts/1900b0aE.dag/Assembly-CSharp-Editor.dll.mvfrm
[208/209    0s] CopyFiles Library/ScriptAssemblies/Unity.TextMeshPro.Editor.dll
[209/209    1s] Csc Library/Bee/artifacts/1900b0aE.dag/Assembly-CSharp.dll (+2 others)
Assets\MapDecorator.cs(916,25): warning CS0618: 'Object.FindObjectsOfType<T>(bool)' is obsolete: 'Object.FindObjectsOfType has been deprecated. Use Object.FindObjectsByType instead which lets you decide whether you need the results sorted or not.  FindObjectsOfType sorts the results by InstanceID but if you do not need this using FindObjectSortMode.None is considerably faster.'

Assets\MapDecorator.cs(933,25): warning CS0618: 'Object.FindObjectsOfType<T>(bool)' is obsolete: 'Object.FindObjectsOfType has been deprecated. Use Object.FindObjectsByType instead which lets you decide whether you need the results sorted or not.  FindObjectsOfType sorts the results by InstanceID but if you do not need this using FindObjectSortMode.None is considerably faster.'

Assets\MapDecorator.cs(1003,21): warning CS0618: 'Object.FindObjectsOfType<T>()' is obsolete: 'Object.FindObjectsOfType has been deprecated. Use Object.FindObjectsByType instead which lets you decide whether you need the results sorted or not.  FindObjectsOfType sorts the results by InstanceID but if you do not need this using FindObjectSortMode.None is considerably faster.'
[210/209    0s] CopyFiles Library/ScriptAssemblies/Assembly-CSharp.pdb
[211/209    0s] CopyFiles Library/ScriptAssemblies/Assembly-CSharp.dll
[212/209    0s] Csc Library/Bee/artifacts/1900b0aE.dag/Assembly-CSharp-Editor.dll (+2 others)
[213/209    0s] CopyFiles Library/ScriptAssemblies/Assembly-CSharp-Editor.pdb
[214/209    0s] CopyFiles Library/ScriptAssemblies/Assembly-CSharp-Editor.dll
*** Tundra build success (10.86 seconds), 202 items updated, 209 evaluated
Assets\MapDecorator.cs(916,25): warning CS0618: 'Object.FindObjectsOfType<T>(bool)' is obsolete: 'Object.FindObjectsOfType has been deprecated. Use Object.FindObjectsByType instead which lets you decide whether you need the results sorted or not.  FindObjectsOfType sorts the results by InstanceID but if you do not need this using FindObjectSortMode.None is considerably faster.'
Assets\MapDecorator.cs(933,25): warning CS0618: 'Object.FindObjectsOfType<T>(bool)' is obsolete: 'Object.FindObjectsOfType has been deprecated. Use Object.FindObjectsByType instead which lets you decide whether you need the results sorted or not.  FindObjectsOfType sorts the results by InstanceID but if you do not need this using FindObjectSortMode.None is considerably faster.'
Assets\MapDecorator.cs(1003,21): warning CS0618: 'Object.FindObjectsOfType<T>()' is obsolete: 'Object.FindObjectsOfType has been deprecated. Use Object.FindObjectsByType instead which lets you decide whether you need the results sorted or not.  FindObjectsOfType sorts the results by InstanceID but if you do not need this using FindObjectSortMode.None is considerably faster.'
AssetDatabase: script compilation time: 12.436033s
Begin MonoManager ReloadAssembly
- Loaded All Assemblies, in  1.549 seconds
Start importing Assets using Guid(00000000000000001000000000000000) (DefaultImporter) -> (artifact id: '4b55c7cb15071bfc086d0e52a7664a41') in 0.0221932 seconds
Start importing ProjectSettings/InputManager.asset using Guid(00000000000000002000000000000000) (LibraryAssetImporter) -> (artifact id: '3d278bdfa729973ecf92c670ca181c88') in 0.0037139 seconds
Start importing ProjectSettings/TagManager.asset using Guid(00000000000000003000000000000000) (LibraryAssetImporter) -> (artifact id: '8ab4f7c705c5ce8ea7a7a928c32cb3a2') in 0.0087744 seconds
Start importing ProjectSettings/ProjectSettings.asset using Guid(00000000000000004000000000000000) (LibraryAssetImporter) -> (artifact id: 'd43f0d77b89d26372efb63cfeee567b1') in 0.0057118 seconds
Start importing ProjectSettings/AudioManager.asset using Guid(00000000000000006000000000000000) (LibraryAssetImporter) -> (artifact id: '7bb8de31f311db17f0fefe3abfd595f1') in 0.0035535 seconds
Start importing ProjectSettings/TimeManager.asset using Guid(00000000000000007000000000000000) (LibraryAssetImporter) -> (artifact id: '52c307e924e96ceef905bcc2cea85a00') in 0.0031407 seconds
Start importing ProjectSettings/DynamicsManager.asset using Guid(00000000000000008000000000000000) (LibraryAssetImporter) -> (artifact id: '913ceedd18932e74f6c2ac19d4bebe5c') in 0.003162 seconds
Start importing ProjectSettings/QualitySettings.asset using Guid(00000000000000009000000000000000) (LibraryAssetImporter) -> (artifact id: 'f1bb68c80f937a5d1cc87682f901159a') in 0.0030183 seconds
Start importing ProjectSettings/EditorBuildSettings.asset using Guid(0000000000000000b000000000000000) (LibraryAssetImporter) -> (artifact id: '1923232d45cb936aef47cec131f33975') in 0.0029125 seconds
Start importing ProjectSettings/EditorSettings.asset using Guid(0000000000000000c000000000000000) (LibraryAssetImporter) -> (artifact id: 'fdcca38f5f1944c9bec0b9f00395ab39') in 0.0031874 seconds
Start importing ProjectSettings/NavMeshAreas.asset using Guid(00000000000000004100000000000000) (LibraryAssetImporter) -> (artifact id: '4ba0a6bb5cc18b1619eb3b3f4ce570d1') in 0.0030829 seconds
Start importing ProjectSettings/Physics2DSettings.asset using Guid(00000000000000005100000000000000) (LibraryAssetImporter) -> (artifact id: 'bb8ce7f5b2d944741959db20200075a7') in 0.00289 seconds
Start importing ProjectSettings/GraphicsSettings.asset using Guid(00000000000000006100000000000000) (LibraryAssetImporter) -> (artifact id: 'b7a369a9c0780e3bb2635b3b3f88ffe1') in 0.0028512 seconds
Start importing ProjectSettings/ClusterInputManager.asset using Guid(00000000000000007100000000000000) (LibraryAssetImporter) -> (artifact id: '5a028a71a6163b7bc9a46219c48662ec') in 0.0031093 seconds
Start importing ProjectSettings/UnityConnectSettings.asset using Guid(0000000000000000a100000000000000) (LibraryAssetImporter) -> (artifact id: '5a6e69f8200d884ded3f19f546ea756a') in 0.0029836 seconds
Start importing ProjectSettings/PresetManager.asset using Guid(0000000000000000b100000000000000) (LibraryAssetImporter) -> (artifact id: '669bd2cb5cdf99ef516d1350fa42393e') in 0.0030197 seconds
Start importing ProjectSettings/VFXManager.asset using Guid(0000000000000000c100000000000000) (LibraryAssetImporter) -> (artifact id: 'dd6732d958402095937fd19a0cecb735') in 0.0028149 seconds
Start importing ProjectSettings/VersionControlSettings.asset using Guid(0000000000000000d100000000000000) (LibraryAssetImporter) -> (artifact id: 'b89f810c452b248c014f182ae5caa680') in 0.0030515 seconds
Start importing ProjectSettings/MemorySettings.asset using Guid(0000000000000000f100000000000000) (LibraryAssetImporter) -> (artifact id: '19f032dc933bd79e61da5c81f7ddd1ac') in 0.002921 seconds
Start importing ProjectSettings/MultiplayerManager.asset using Guid(00000000000000000200000000000000) (LibraryAssetImporter) -> (artifact id: 'f060d13f2990d90fc35c577bb4111c66') in 0.0028656 seconds
Start importing Library/BuildInstructions using Guid(00000000000000002300000000000000) (DefaultImporter) -> (artifact id: 'ade3aeda13ad9960ede0e143cb33502a') in 0.0007908 seconds
Start importing Packages/com.unity.modules.imgui using Guid(c060426bfd6e82575228df6656368eaa) (DefaultImporter) -> (artifact id: '7d484ab5933192f91b6a2fb9f7498a1e') in 0.0005731 seconds
Start importing Packages/com.unity.ugui using Guid(613f95849fea65b15f0a014bab7a9f93) (DefaultImporter) -> (artifact id: '1217c713edf38fb67bf15a7c50d4ad68') in 0.0005521 seconds
Start importing Assets/Resources using Guid(150a3cbf4a7cc03439bf0a938eb6285d) (DefaultImporter) -> (artifact id: 'd27d7ba586890d665b545322595cc036') in 0.0086525 seconds
Start importing Packages/com.unity.modules.imageconversion using Guid(850c54ee0b9e1aa740b1c67792eb1f26) (DefaultImporter) -> (artifact id: '77f78b27bd9bac81a00a007ef6f28867') in 0.0009244 seconds
Start importing Packages/com.unity.modules.physics using Guid(d6db7caf2e852b75ebb9c6098418179c) (DefaultImporter) -> (artifact id: 'b562405fb5bd1c9305c356f8cfe7a672') in 0.0012566 seconds
Start importing Packages/com.unity.modules.particlesystem using Guid(48b10b41f58d5b49717f376cda59eeb8) (DefaultImporter) -> (artifact id: '52931c3585e961751803a41152ba5f0c') in 0.0008106 seconds
Start importing Packages/com.unity.modules.ui using Guid(39728903e57c60021f80449a8bbc0096) (DefaultImporter) -> (artifact id: '9ba448b29b75a8a1f5c4c31201266424') in 0.000622 seconds
Start importing Assets/Editor using Guid(591425589efddbe4bb14eb51a46b5846) (DefaultImporter) -> (artifact id: '27459600ade23298556fa76b1d8122a5') in 0.0083248 seconds
Start importing Packages/com.unity.modules.audio using Guid(2d6ba5cbe47e6ad3c87474c56174d4e0) (DefaultImporter) -> (artifact id: '2ad5535b0c9fde796c0a268a703c42c8') in 0.000735 seconds
Start importing Assets/Resources/Imagenes using Guid(e0ae0e4f11ae576489a839c4fb15909c) (DefaultImporter) -> (artifact id: '8797e1434178e9bc0db1d0d1115e918c') in 0.0093763 seconds
Start importing Packages/com.unity.ugui/Editor Resources using Guid(d1a0a27327b54c3bac52a08929c33f81) (DefaultImporter) -> (artifact id: '89d4bdf381a63d2d738dcc151e624513') in 0.000947 seconds
Start importing Assets/Resources/ObjetosMapa using Guid(59a7f3f1adb7f834e9f21c151889adf9) (DefaultImporter) -> (artifact id: '15fe95408026d431514a5f08029a6cc3') in 0.0083174 seconds
Start importing Packages/com.unity.ugui/Runtime using Guid(aa14b70e6a58c5b4fa6663623e3dca91) (DefaultImporter) -> (artifact id: 'fa7aa1d533b272bf79afdbd5404453cd') in 0.0008427 seconds
Start importing Packages/com.unity.ugui/Package Resources using Guid(5ec95f4d5b2d1f14e9ff8682562553f9) (DefaultImporter) -> (artifact id: '20161e53e484de6465e75d382f9dbde6') in 0.0006566 seconds
Start importing Packages/com.unity.ugui/Editor using Guid(bee384ad5b4d1a843a018082e7db53cd) (DefaultImporter) -> (artifact id: 'cc2ff2381a5068f9e19e880ea4d9c9b1') in 0.0006425 seconds
Start importing Packages/com.unity.ugui/Editor/TMP using Guid(10d1425d9e87841d9a9deafe9e93a6f2) (DefaultImporter) -> (artifact id: 'b78a297ad64c4d78728ae683af3e5658') in 0.0006444 seconds
Start importing Packages/com.unity.ugui/Runtime/TMP using Guid(619aadd8f276341ca84d7ad5a9c6db21) (DefaultImporter) -> (artifact id: '5308cedcd74d43682790fc7238a9d1e2') in 0.0007549 seconds
Start importing Packages/com.unity.ugui/Editor/Analytics using Guid(c52726d811a9f66459355df6b0c3977b) (DefaultImporter) -> (artifact id: '4154f772d9b7cf6fccdb594f4e326893') in 0.0007282 seconds
Start importing Packages/com.unity.ugui/Editor/UGUI using Guid(278b6073a5bdd4362acd72ca43ff9e0d) (DefaultImporter) -> (artifact id: 'abf9fbf9f7c10d2af702b2e8085d3ed6') in 0.0006634 seconds
Start importing Packages/com.unity.ugui/Runtime/UGUI using Guid(1817d28a5343b4ec19b4ec7903730e2c) (DefaultImporter) -> (artifact id: 'd27c003f26a5bcc4ae0be188e216ff3a') in 0.0006444 seconds
Start importing Packages/com.unity.ugui/Editor Resources/Textures using Guid(f8e6a2d47aba4c6c9b3c5a72d9f48da5) (DefaultImporter) -> (artifact id: '41714146c3f223570fca541b52f7c091') in 0.0006469 seconds
Start importing Packages/com.unity.ugui/Editor Resources/Gizmos using Guid(e93ec7eb6de342aabd156833e253f838) (DefaultImporter) -> (artifact id: 'e3065312f331f86c187a2c34400b2ab5') in 0.0006731 seconds
Start importing Packages/com.unity.ugui/Runtime/InternalBridge using Guid(bab3a29ab4f214742a44add41efffb7d) (DefaultImporter) -> (artifact id: 'b8ae5a4142d7b3ff7433a144e13442a5') in 0.0006449 seconds
Start importing Packages/com.unity.ugui/Editor Resources/Shaders using Guid(2da27f5fe80a3a549ac7331d9f52f5f0) (DefaultImporter) -> (artifact id: '8ba95b6473bead211c52ddc79ac818a9') in 0.000672 seconds
Start importing Packages/com.unity.ugui/Runtime/UGUI/Properties using Guid(32e2186f4598cff489784aae586f2215) (DefaultImporter) -> (artifact id: 'd945312145ac0c9dd7a3598fc5b82f23') in 0.0007521 seconds
Start importing Packages/com.unity.ugui/Runtime/UGUI/UI using Guid(742654cad2425334696ba6ed4495cfef) (DefaultImporter) -> (artifact id: 'd1046547fc52369f9a3a8f6b662ded51') in 0.0008093 seconds
Start importing Packages/com.unity.ugui/Editor/UGUI/UI using Guid(853edc343b78a7c4c81cbb3851d48c0a) (DefaultImporter) -> (artifact id: '773a517afa854ab194e9e6794bc9a1cf') in 0.0007186 seconds
Start importing Packages/com.unity.ugui/Editor/UGUI/EventSystem using Guid(f525580684527b147b70cf94aaa70dbc) (DefaultImporter) -> (artifact id: '35f8d6adc1fe92d630cb18996309700e') in 0.0006494 seconds
Start importing Packages/com.unity.ugui/Editor/Analytics/IAnalytic using Guid(77417b0f4cf6d334f916c64448d24133) (DefaultImporter) -> (artifact id: 'a22d0db8c8eb6d464d1b5bd50a6655ab') in 0.0006706 seconds
Start importing Packages/com.unity.ugui/Editor/TMP/PropertyDrawers using Guid(ea7c31b5b377c314db28ad3fabbbd38d) (DefaultImporter) -> (artifact id: 'ebc92ba84e6406c25f912a00cf612866') in 0.0006641 seconds
Start importing Packages/com.unity.ugui/Editor/TMP/HDRP using Guid(eecc124dc0b994047aac97ccf8c8ed0a) (DefaultImporter) -> (artifact id: '5b5397f7d63b0f449a7a5706eccb0297') in 0.0006455 seconds
Start importing Packages/com.unity.ugui/Runtime/UGUI/EventSystem using Guid(7f27709c942d91541be1fd6aa5cb3d78) (DefaultImporter) -> (artifact id: 'f0d60c8b7f149f215e5d223617964474') in 0.0006422 seconds
Start importing Packages/com.unity.ugui/Editor/UGUI/Properties using Guid(cf97e54bcd5479a46bdbade48da047cc) (DefaultImporter) -> (artifact id: 'bcc5e4cf73302b79631566aee946fa3b') in 0.0007232 seconds
Start importing Packages/com.unity.ugui/Runtime/UGUI/UI/Core using Guid(12c42068351bb084abde965d725b9887) (DefaultImporter) -> (artifact id: 'cacc7f0504c10a89d30473ce3cb13775') in 0.0008995 seconds
Start importing Packages/com.unity.ugui/Runtime/UGUI/EventSystem/EventData using Guid(b3cdabf2f1e76854d8aab5930305d70d) (DefaultImporter) -> (artifact id: '8277f8c996e87ca284549912a55a6cd9') in 0.000903 seconds
Start importing Packages/com.unity.ugui/Runtime/UGUI/UI/Animation using Guid(5472815444de2ce45bf2053a4af04b9d) (DefaultImporter) -> (artifact id: '41463e8550df76b3752941ecf4af4827') in 0.0007095 seconds
Start importing Packages/com.unity.ugui/Runtime/UGUI/EventSystem/Raycasters using Guid(46646a5562f14984690c85ee7b946bc9) (DefaultImporter) -> (artifact id: 'e72938d8295fecfa581dc14542b5af2f') in 0.0006833 seconds
Start importing Packages/com.unity.ugui/Editor/UGUI/UI/PropertyDrawers using Guid(bc9aa6d5a7945f34882c442e9e201537) (DefaultImporter) -> (artifact id: '270b585cc009643c70718bcb5358bab0') in 0.0006823 seconds
Start importing Packages/com.unity.ugui/Runtime/UGUI/EventSystem/UIElements using Guid(5dc64c943466a44498be3b620c743b45) (DefaultImporter) -> (artifact id: '96c94b86d87620112b8e860f107d8e93') in 0.0006492 seconds
Start importing Packages/com.unity.ugui/Runtime/UGUI/EventSystem/InputModules using Guid(8e78f8a8575e4a04f8337a54e241cdc5) (DefaultImporter) -> (artifact id: 'cf1e069480532a8f3dc9085bfcf71e39') in 0.00065 seconds
Start importing Packages/com.unity.ugui/Runtime/UGUI/UI/Core/Utility using Guid(d63dd1a776d383248a21ec2a8a6e7868) (DefaultImporter) -> (artifact id: 'ddf4baa864d390cb48033641e93bc3ab') in 0.0007687 seconds
Start importing Packages/com.unity.ugui/Runtime/UGUI/UI/Core/Culling using Guid(27ed3e221887b3544bd9d6505d4a789f) (DefaultImporter) -> (artifact id: 'a8414d4e7a7ce3589ca9a54f2895a3ea') in 0.0008498 seconds
Start importing Packages/com.unity.ugui/Runtime/UGUI/UI/Core/SpecializedCollections using Guid(f8ed4321a98682942b9980996131cf26) (DefaultImporter) -> (artifact id: '5a5ef29bec25f7a3bf7676116a5962c1') in 0.0007235 seconds
Start importing Packages/com.unity.ugui/Runtime/UGUI/UI/Core/Layout using Guid(1999349e7f492c947bb6eb70f624382e) (DefaultImporter) -> (artifact id: 'a8e41ce3a6fccc9c9b78c2afb86f94a6') in 0.0006843 seconds
Start importing Packages/com.unity.ugui/Runtime/UGUI/UI/Core/MaterialModifiers using Guid(7c6295db74da28645bf49db58b7c9c65) (DefaultImporter) -> (artifact id: 'c8309270d25389008b80d2680377db3a') in 0.0006814 seconds
Start importing Packages/com.unity.ugui/Runtime/UGUI/UI/Core/VertexModifiers using Guid(cfa73a847eeff06448bb50a8ac6a94e0) (DefaultImporter) -> (artifact id: '4854c52cecabffb60fdd5ed9e9763c1c') in 0.0007412 seconds
Start importing Packages/com.unity.ugui/Runtime/TMP/Unity.TextMeshPro.asmdef using Guid(6055be8ebefd69e48b49212b09b47b2f) (AssemblyDefinitionImporter) -> (artifact id: '755faf4d872606cabacec4dfdc775f71') in 0.003679 seconds
Start importing Packages/com.unity.ugui/Runtime/InternalBridge/Unity.InternalAPIEngineBridge.004.asmdef using Guid(43b111c4a445f446abd2c02e77750ff5) (AssemblyDefinitionImporter) -> (artifact id: '7768f0299b485d6ebc39eb408ad5c375') in 0.0033577 seconds
Start importing Packages/com.unity.ugui/Editor/Analytics/UnityEditor.UI.Analytics.asmdef using Guid(8394c018a82352f41ae354f7bdad54e3) (AssemblyDefinitionImporter) -> (artifact id: '51a42a6dc598d685998182f7c5c967c4') in 0.0039121 seconds
Start importing Packages/com.unity.ugui/Editor/UGUI/UnityEditor.UI.asmdef using Guid(343deaaf83e0cee4ca978e7df0b80d21) (AssemblyDefinitionImporter) -> (artifact id: 'af08ec8d4d031bbff740ba61300146c5') in 0.0034785 seconds
Start importing Packages/com.unity.ugui/Editor/TMP/Unity.TextMeshPro.Editor.asmdef using Guid(6546d7765b4165b40850b3667f981c26) (AssemblyDefinitionImporter) -> (artifact id: '9560f464d4c68b2cd231f1d640031561') in 0.004018 seconds
Start importing Packages/com.unity.ugui/Runtime/UGUI/UnityEngine.UI.asmdef using Guid(2bafac87e7f4b9b418d9448d219b01ab) (AssemblyDefinitionImporter) -> (artifact id: '535f7aafa4dd215a60024f56978e8d8a') in 0.0035528 seconds
Start importing Packages/com.unity.modules.ui/package.ModuleCompilationTrigger using Guid(51fa60bb2bd1e5bc74e8cc95a7bfd5b7) (DefaultImporter) -> (artifact id: '237e32f9541121b786ca4b06eace0dfe') in 0.0431929 seconds
Start importing Packages/com.unity.modules.imageconversion/package.ModuleCompilationTrigger using Guid(830a36a23cf3ab1e61fa47940a6dc35e) (DefaultImporter) -> (artifact id: 'ee0f0c801f95c19382d8b454dc7586e1') in 0.0009083 seconds
Start importing Packages/com.unity.modules.audio/package.ModuleCompilationTrigger using Guid(042dc296246916648e55a43d0eeb2036) (DefaultImporter) -> (artifact id: '93cfeb7be8bf6df4dc4fc167223dc2d5') in 0.0007286 seconds
Start importing Packages/com.unity.modules.particlesystem/package.ModuleCompilationTrigger using Guid(17f093324b67f5bd57e55b546736750e) (DefaultImporter) -> (artifact id: '2ff549dcfdc7b1fa23811cebe1444f07') in 0.000729 seconds
Start importing Packages/com.unity.modules.physics/package.ModuleCompilationTrigger using Guid(5c1ee4056d0ac7ad3c5a16597fcaa38a) (DefaultImporter) -> (artifact id: '288b7a03d6481d4e92cee0ae908758ad') in 0.0007586 seconds
Start importing Packages/com.unity.modules.imgui/package.ModuleCompilationTrigger using Guid(be13c398521e3c1ad21fb9da30ab2ab6) (DefaultImporter) -> (artifact id: 'ea0574aa05344c7e80357502346d73fc') in 0.0010401 seconds
Refreshing native plugins compatible for Editor in 0.00 ms, found 0 plugins.
Native extension for WindowsStandalone target not found
ScheduleIndexationOnStartup MainProcess:True IndexOnStartup:True
Mono: successfully reloaded assembly
- Finished resetting the current domain, in  0.714 seconds
Domain Reload Profiling: 2254ms
	BeginReloadAssembly (420ms)
		ExecutionOrderSort (0ms)
		DisableScriptedObjects (36ms)
		BackupInstance (0ms)
		ReleaseScriptingObjects (0ms)
		CreateAndSetChildDomain (157ms)
	RebuildCommonClasses (69ms)
	RebuildNativeTypeToScriptingClass (22ms)
	initialDomainReloadingComplete (44ms)
	LoadAllAssembliesAndSetupDomain (985ms)
		LoadAssemblies (1130ms)
		RebuildTransferFunctionScriptingTraits (0ms)
		AnalyzeDomain (20ms)
			TypeCache.Refresh (12ms)
				TypeCache.ScanAssembly (7ms)
			BuildScriptInfoCaches (4ms)
			ResolveRequiredComponents (3ms)
	FinalizeReload (714ms)
		ReleaseScriptCaches (0ms)
		RebuildScriptCaches (0ms)
		SetupLoadedEditorAssemblies (506ms)
			LogAssemblyErrors (0ms)
			InitializePlatformSupportModulesInManaged (42ms)
			SetLoadedEditorAssemblies (4ms)
			BeforeProcessingInitializeOnLoad (197ms)
			ProcessInitializeOnLoadAttributes (182ms)
			ProcessInitializeOnLoadMethodAttributes (62ms)
			AfterProcessingInitializeOnLoad (19ms)
			EditorAssembliesLoaded (0ms)
		ExecutionOrderSort2 (0ms)
		AwakeInstancesAfterBackupRestoration (35ms)
Start importing Library/BuildPlayer.prefs using Guid(00000000000000005000000000000000) (DefaultImporter) -> (artifact id: '083d37eb6b0e82b8f5c1ec86344d848d') in 0.0088142 seconds
Start importing Packages/com.unity.ugui/Package Resources/TMP Examples & Extras.unitypackage using Guid(bc00e25696e4132499f56528d3fed2e3) (DefaultImporter) -> (artifact id: '36912524d77e494bff28eadb6545a86b') in 0.0033112 seconds
Start importing Packages/com.unity.ugui/Package Resources/TMP Essential Resources.unitypackage using Guid(ce4ff17ca867d2b48b5c8a4181611901) (DefaultImporter) -> (artifact id: 'c9b9d0e8e0d8a5df2fad0e13885ca7c4') in 0.0011049 seconds
Start importing Packages/com.unity.ugui/Editor Resources/Textures/btn_AlignRight_Light.psd using Guid(e05ace3bd15740cda0bad60d89092a5b) (TextureImporter) -> (artifact id: 'bd0db8a7b34401e17fac70f14aa1c16f') in 0.0163386 seconds
Start importing Packages/com.unity.ugui/Editor Resources/Textures/btn_AlignMiddle.psd using Guid(41b96614b2e6494ba995ddcd252d11ae) (TextureImporter) -> (artifact id: 'ce7dc7ca52b4ffb152f8b3f720e7655e') in 0.0044484 seconds
Start importing Assets/Resources/Imagenes/piedramapa1.png using Guid(81b3fde3f4581004086bc638f71365b5) (TextureImporter) -> (artifact id: 'e13d708885e40059d26c9d7b24b6c7ad') in 0.122422 seconds
Start importing Packages/com.unity.ugui/Editor Resources/Textures/btn_AlignCenter.psd using Guid(81ed8c76d2bc4a4c95d092c98af4e58f) (TextureImporter) -> (artifact id: '659ce4a5c7b7f0d81f5e876ee23d6432') in 0.0050194 seconds
Start importing Packages/com.unity.ugui/Editor Resources/Textures/btn_AlignLeft_Light.psd using Guid(12736c98af174f91827a26b66d2b01b9) (TextureImporter) -> (artifact id: '2d70984b740b32048b9ab2eae573a49a') in 0.0051705 seconds
Start importing Packages/com.unity.ugui/Editor Resources/Textures/btn_AlignJustified.psd using Guid(92027f7f8cfc4feaa477da0dc38d3d46) (TextureImporter) -> (artifact id: '06fa44ae0418e7d82a00dc15bf3cc972') in 0.0046555 seconds
Start importing Packages/com.unity.ugui/Editor Resources/Textures/btn_AlignLeft.psd using Guid(9288066c33474b94b6ee5465f4df1cc0) (TextureImporter) -> (artifact id: '44890d6cf6f152813a6508f9468437b5') in 0.0052407 seconds
Start importing Packages/com.unity.ugui/Editor Resources/Textures/btn_AlignMidLine.psd using Guid(c2f7f6a88b4c4f20a53deb72f3d9144c) (TextureImporter) -> (artifact id: '91c0f1a64b37da4684aafc07251704ce') in 0.005115 seconds
Start importing Packages/com.unity.ugui/Editor Resources/Textures/SectionHeader_Light.psd using Guid(e3b0f810fdea84e40ab4ba20f256f7e8) (TextureImporter) -> (artifact id: '5e8eaa9a3c233ca77e7cc25cd93cc406') in 0.0061657 seconds
Start importing Packages/com.unity.ugui/Editor Resources/Textures/btn_AlignRight.psd using Guid(342a0f8aca7f4f0691338912faec0494) (TextureImporter) -> (artifact id: '2e46f5000a9a97dad533dd5a5352b03d') in 0.0062904 seconds
Start importing Packages/com.unity.ugui/Editor Resources/Textures/btn_AlignFlush_Light.psd using Guid(64b9fad609434c489c32b1cdf2004a1c) (TextureImporter) -> (artifact id: 'ab200197f3b3ef1688706cf99ad90a46') in 0.005372 seconds
Start importing Packages/com.unity.ugui/Editor Resources/Textures/btn_AlignCenterGeo_Light.psd using Guid(35ff0937876540d3bd4b6a941df62a92) (TextureImporter) -> (artifact id: 'aca0d852c9a08345e1e638a441592706') in 0.0061417 seconds
Start importing Packages/com.unity.ugui/Editor Resources/Textures/btn_AlignMiddle_Light.psd using Guid(066619c9c9c84f89acb1b48c11a7efe2) (TextureImporter) -> (artifact id: 'e48c818ae4404b865ea2b9585426d05c') in 0.0058959 seconds
Start importing Packages/com.unity.ugui/Editor Resources/Gizmos/TMP - Dropdown Icon.psd using Guid(a7ec9e7ad8b847b7ae4510af83c5d868) (TextureImporter) -> (artifact id: '7e1882bee782464aa59eb0594b60f6f5') in 0.0074982 seconds
Start importing Packages/com.unity.ugui/Editor Resources/Textures/btn_AlignCenterGeo.psd using Guid(c76700ea0062413d9f69409b4e9e151b) (TextureImporter) -> (artifact id: '056c83fafe135eac44bb89b8e0849e7e') in 0.0060191 seconds
Start importing Packages/com.unity.ugui/Editor Resources/Textures/btn_AlignBaseLine_Light.psd using Guid(18775b51e3bd42299fd30bd036ea982f) (TextureImporter) -> (artifact id: 'd3f6574098cbd7890f64c4c6a5a44e02') in 0.005881 seconds
Start importing Packages/com.unity.ugui/Editor Resources/Textures/btn_AlignTop.psd using Guid(48d034c499ee4697af9dd6e327110249) (TextureImporter) -> (artifact id: '967aa5640759c1d8bb9da284c44c8a40') in 0.0057571 seconds
Start importing Packages/com.unity.ugui/Editor Resources/Textures/btn_AlignBottom_Light.psd using Guid(585b70cb75dd43efbfead809c30a1731) (TextureImporter) -> (artifact id: 'd558aedbde7f50453fc4cd307ea07817') in 0.0055349 seconds
Start importing Packages/com.unity.ugui/Editor Resources/Textures/btn_AlignCapLine_Light.psd using Guid(49679f302ac6408697f6b9314a38985c) (TextureImporter) -> (artifact id: '35d31ca26e61c4bfdda1fc343e3eafb9') in 0.0065043 seconds
Start importing Packages/com.unity.ugui/Editor Resources/Textures/btn_AlignFlush.psd using Guid(691475c57a824010be0c6f474caeb7e1) (TextureImporter) -> (artifact id: 'bee2dc78543db0aeef652a5f2e485818') in 0.0049428 seconds
Start importing Packages/com.unity.ugui/Editor Resources/Textures/btn_AlignCenter_Light.psd using Guid(6ace62d30f494c948b71d5594afce11d) (TextureImporter) -> (artifact id: '0820c086eb2231f8398c705980fd7261') in 0.0052536 seconds
Start importing Assets/Resources/ObjetosMapa/Normal_BosqueArdiente.png using Guid(7afe8de8bc0f9f247b10b1adcb0985c2) (TextureImporter) -> (artifact id: '0ed988d83de88502245b450601a8a0ab') in 0.2147351 seconds
Start importing Packages/com.unity.ugui/Editor Resources/Textures/btn_AlignBottom.psd using Guid(ca51b19024094d1b87f3e07edb0a75fb) (TextureImporter) -> (artifact id: '7eddcac00ea901512f581eb8442d9da2') in 0.0043435 seconds
Start importing Packages/com.unity.ugui/Editor Resources/Textures/btn_AlignJustified_Light.psd using Guid(fa6bd40a216346b783a4cce741d277a5) (TextureImporter) -> (artifact id: '2a8ace8a350a8ad5587fa734a958a593') in 0.0047735 seconds
Start importing Packages/com.unity.ugui/Editor Resources/Textures/btn_AlignBaseLine.psd using Guid(8bc445bb79654bf496c92d0407840a92) (TextureImporter) -> (artifact id: '8a6f53f4dfb5395c2242ad524cecfafa') in 0.004505 seconds
Start importing Packages/com.unity.ugui/Editor Resources/Textures/btn_AlignMidline_Light.psd using Guid(bb42b2d967d6427983c901a4ffc8ecd9) (TextureImporter) -> (artifact id: 'e75ff28b961f5309520c216915b7c2fa') in 0.0042836 seconds
Start importing Packages/com.unity.ugui/Editor Resources/Textures/SectionHeader_Dark.psd using Guid(fb5730e24283d0c489e5c7d0bee023d9) (TextureImporter) -> (artifact id: '9da7a9d672c089e353d0f893275b0a63') in 0.0043953 seconds
Start importing Assets/Resources/ObjetosMapa/height_tierra_quemada_2k.png using Guid(dc71313f2d9decc4b9c2bafc4f0970c4) (TextureImporter) -> (artifact id: 'bfc5058548674ed78d5259e86c22ba48') in 0.1397739 seconds
Start importing Packages/com.unity.ugui/Editor Resources/Gizmos/TMP - Sprite Asset Icon.psd using Guid(ec7c645d93308c04d8840982af12101e) (TextureImporter) -> (artifact id: '5019163a9106cc515f738a0940735ada') in 0.0051919 seconds
Start importing Packages/com.unity.ugui/Editor Resources/Textures/btn_AlignCapLine.psd using Guid(0d9a36012a224080966c7b55896aa0f9) (TextureImporter) -> (artifact id: '7d2332acd44796d1b9ff3dff2395ce26') in 0.0043368 seconds
Start importing Packages/com.unity.ugui/Editor Resources/Textures/btn_AlignTop_Light.psd using Guid(ed041e68439749a69d0efa0e3d896c2e) (TextureImporter) -> (artifact id: '4e8924e1423eeb510721205cb49c111c') in 0.0049359 seconds
Start importing Packages/com.unity.ugui/Editor Resources/Gizmos/TMP - Input Field Icon.psd using Guid(3ee40aa79cd242a5b53b0b0ca4f13f0f) (TextureImporter) -> (artifact id: '721dd97e9d8da55538e973695f303bc1') in 0.0059676 seconds
Start importing Assets/Resources/Imagenes/Arbol1.png using Guid(4ec8782e73956e84b833f68da9e9516c) (TextureImporter) -> (artifact id: '2b9efb7d7464901ea36e1267625e1886') in 0.0062133 seconds
Start importing Packages/com.unity.ugui/Editor Resources/Gizmos/TMP - Font Asset Icon.psd using Guid(ee148e281f3c41c5b4ff5f8a5afe5a6c) (TextureImporter) -> (artifact id: 'ed4e5906c8b52fa8050754598dd6d2c6') in 0.0053127 seconds
Start importing Assets/Resources/ObjetosMapa/Shadow_Blob_1024.png using Guid(0fdd599f45e95b542bcdb7f04142ae75) (TextureImporter) -> (artifact id: 'e255cd1833c0b507381b97c8cea0fd17') in 0.0054758 seconds
Start importing Packages/com.unity.ugui/Editor Resources/Gizmos/TMP - Text Component Icon.psd using Guid(2fd6421f253b4ef1a19526541f9ffc0c) (TextureImporter) -> (artifact id: 'f7b6f73ea6c33c228f602d9b619bad42') in 0.005548 seconds
Start importing Packages/com.unity.ugui/Editor Resources/Shaders/TMP_SDF_SSD.cginc using Guid(abe6991365a27d341a10580f3b7c0f44) (ShaderIncludeImporter) -> (artifact id: '6210c9b75bcff879a66d3acd3c6dd96f') in 0.0039409 seconds
Start importing Packages/com.unity.ugui/Editor Resources/Shaders/TMP_Properties.cginc using Guid(3c6c403084eacec478a1129ce20061ea) (ShaderIncludeImporter) -> (artifact id: '0b6510a7584c4ccb00079dbc08b3b282') in 0.0039122 seconds
Start importing Assets/Resources/BosqueArdienteSuelo.shader using Guid(35f74afedbdde4c409768d524d2979c9) (ShaderImporter)Launched and connected shader compiler UnityShaderCompiler.exe after 0.02 seconds
 -> (artifact id: '9b5c5a44e55e4fe6c3da961b2c7a2868') in 2.2415254 seconds
Start importing Assets/Resources/BosqueArdienteAmbiente.shader using Guid(c86bb8fbb1c6f63408a1788abada9f67) (ShaderImporter) -> (artifact id: 'c0bf05bd54016a1fe441c36735521b8d') in 0.0067211 seconds
Start importing Assets/Resources/BosqueArdienteLlamas.shader using Guid(a978c2f3d79f494da3f465779992c821) (ShaderImporter)There are inconsistent line endings in the 'Assets/Resources/BosqueArdienteLlamas.shader' script. Some are Mac OS X (UNIX) and some are Windows.
This might lead to incorrect line numbers in stacktraces and compiler errors. Many text editors can fix this using Convert Line Endings menu commands.
 -> (artifact id: 'ad3ddae4c0e7b68787405cbdf15918c2') in 0.0177022 seconds
Start importing Packages/com.unity.ugui/Editor Resources/Shaders/TMP_SDF Internal Editor.shader using Guid(9c442dc870b456e48b615cd8add0e9ef) (ShaderImporter) -> (artifact id: '1d84de99b17eddc779fc1f69810430fa') in 0.0087433 seconds
Start importing Assets/Resources/ObjetosMapa/Llama 1.mat using Guid(f01c59df93196c842af702270764facf) (NativeFormatImporter) -> (artifact id: '3460653519f45a401b759f3f6e6c9f9f') in 0.0041198 seconds
Start importing Assets/Resources/ObjetosMapa/MatBosqueArdienteSuelo.mat using Guid(d193403d02fd0e14b8a9e28caf11e3a0) (NativeFormatImporter) -> (artifact id: 'a08214ceecef1897244990e30ecc833e') in 0.0032422 seconds
Start importing Assets/Resources/ObjetosMapa/Mat_Piedra1Quad.mat using Guid(79df32c93ef9a5143b52b41c468be714) (NativeFormatImporter) -> (artifact id: 'f026f9d41244e4e7621caa46439c4b41') in 0.0030967 seconds
Start importing Assets/Resources/ObjetosMapa/Llama.mat using Guid(89487a67e0aba4347b466832c4e2b379) (NativeFormatImporter) -> (artifact id: 'effeddf2e6832dff47fcc642443f295a') in 0.0028701 seconds
Start importing Assets/Resources/ObjetosMapa/LlamaEspectral.mat using Guid(be75e075d7e528142a988cb78cb62193) (NativeFormatImporter) -> (artifact id: '1f242e1544c36c001381f15fa5c55427') in 0.0026637 seconds
Start importing Assets/Resources/ObjetosMapa/Mat_Arbol1Quad.mat using Guid(fea0a8d86e3be584181ba579c396a7f2) (NativeFormatImporter) -> (artifact id: '07290e3ef9835893e504f9ab0e115a5c') in 0.0029629 seconds
Start importing Packages/com.unity.ugui/README.md using Guid(e0ae6629cc70b514889df37fccb76832) (TextScriptImporter) -> (artifact id: '44afeb028f510a9f4544ce88fd1cf112') in 0.0036179 seconds
Start importing Packages/com.unity.ugui/package.json using Guid(319b8889f363f5947acf209c17a94149) (PackageManifestImporter) -> (artifact id: '0d56f132eb0965e68b645baebd500335') in 0.0048293 seconds
Start importing Packages/com.unity.modules.imgui/package.json using Guid(42fe78c8fe682715a2cb531422e6ccb3) (PackageManifestImporter) -> (artifact id: 'b643c636c8e55776455f8adce1983951') in 0.0035666 seconds
Start importing Packages/com.unity.ugui/PackageConversionData.json using Guid(05f5bfd584002f948982a1498890f9a9) (TextScriptImporter) -> (artifact id: 'd9e43e27959cd399247c69832ab9dc4f') in 0.0047373 seconds
Start importing Packages/com.unity.modules.imageconversion/package.json using Guid(953fab16d15d5885b3600fcd6388b2ad) (PackageManifestImporter) -> (artifact id: '4914195fadd462954a635b65250787ed') in 0.0038365 seconds
Start importing Packages/com.unity.modules.particlesystem/package.json using Guid(87d720faa37005c08600090e04d8c739) (PackageManifestImporter) -> (artifact id: 'd6aa8c20d84b997ec285a739a17be19d') in 0.0035135 seconds
Start importing Packages/com.unity.ugui/CHANGELOG.md using Guid(c851bee4305bddf438cc6ffc515991ce) (TextScriptImporter) -> (artifact id: '80aa7e1c8215b9d3824af55dd65c9c21') in 0.0034841 seconds
Start importing Packages/com.unity.modules.audio/package.json using Guid(e9df95f53f1c1d0c9199e235d6c42b50) (PackageManifestImporter) -> (artifact id: '14bdb854ae6daae762f5873a0a889a4a') in 0.0039393 seconds
Start importing Packages/com.unity.modules.physics/package.json using Guid(1a4266815e998967becf686f9c71f0a6) (PackageManifestImporter) -> (artifact id: '4fbeefd29956a8cb2b920ec02d72eda6') in 0.0036346 seconds
Start importing Packages/com.unity.ugui/LICENSE.md using Guid(4d3d51749e989f747b2674e0b4d9b3d7) (TextScriptImporter) -> (artifact id: 'ae566241d6b201e35280c27d51ece7ee') in 0.0038854 seconds
Start importing Packages/com.unity.ugui/PackageConversionData_Assets.json using Guid(0e0afa652c0031c48896a97b424d027b) (TextScriptImporter) -> (artifact id: '804ed7b65d087f01b748fb71ecdd6f77') in 0.0036459 seconds
Start importing Packages/com.unity.modules.ui/package.json using Guid(bfd567a3d1631a761bca9e99fa53d86d) (PackageManifestImporter) -> (artifact id: 'b6a9b41c4f747864b57f61357f87e39b') in 0.0037819 seconds
Start importing Assets/Resources/LlamaInicial.prefab using Guid(84062ebea2a9e2b4abdd81fbebbd425d) (PrefabImporter) -> (artifact id: '59e5f93d2b10c54ee3da8bfbe7a6d043') in 0.031284 seconds
Start importing Assets/Resources/ObjetosMapa/BosqueArdiente - Arbol1.prefab using Guid(15c3aae601260c5478403fa8ebe744fc) (PrefabImporter) -> (artifact id: 'f4f62638f3b21f709ff56a77335ca028') in 0.0160041 seconds
Start importing Assets/Resources/ObjetosMapa/Llama1GO.prefab using Guid(5936c3c4460b4884fbca8b6ae125221a) (PrefabImporter) -> (artifact id: '4e0619f1944e5a5c7d40b36627f8ae06') in 0.0403897 seconds
Start importing Assets/Resources/ObjetosMapa/LlamaEspectral.prefab using Guid(79aa5586b41c2134cbd9880261f75f2e) (PrefabImporter) -> (artifact id: '40cd7ca5729d2612b44daefdba86281f') in 0.0239883 seconds
Start importing Assets/Resources/ObjetosMapa/BosqueArdiente - Piedra1.prefab using Guid(6b151a79da062f845ac67b229ff2560d) (PrefabImporter) -> (artifact id: '1ba7388ad7a99b4dbfabed1497e3192c') in 0.0055376 seconds
Launched and connected shader compiler UnityShaderCompiler.exe after 0.01 seconds
Launched and connected shader compiler UnityShaderCompiler.exe after 0.01 seconds
Launched and connected shader compiler UnityShaderCompiler.exe after 0.01 seconds
Launched and connected shader compiler UnityShaderCompiler.exe after 0.01 seconds
Launched and connected shader compiler UnityShaderCompiler.exe after 0.02 seconds
Launched and connected shader compiler UnityShaderCompiler.exe after 0.01 seconds
Launched and connected shader compiler UnityShaderCompiler.exe after 0.01 seconds
Launched and connected shader compiler UnityShaderCompiler.exe after 0.01 seconds
Launched and connected shader compiler UnityShaderCompiler.exe after 0.01 seconds
Launched and connected shader compiler UnityShaderCompiler.exe after 0.01 seconds
Launched and connected shader compiler UnityShaderCompiler.exe after 0.01 seconds
Loading style catalogs (6)
	StyleSheets/Extensions/base/common.uss
	UIPackageResources/StyleSheets/Default/Variables/Public/common.uss
	StyleSheets/Northstar/common.uss
	StyleSheets/Extensions/fonts/inter.uss
	StyleSheets/Extensions/base/dark.uss
	UIPackageResources/StyleSheets/Default/Northstar/Palette/dark.uss
Refreshing native plugins compatible for Editor in 0.00 ms, found 0 plugins.
Preloading 0 native plugins for Editor in 0.00 ms.
Asset Pipeline Refresh (id=eeee39dede74f7a498ea61b209501431): Total: 21.512 seconds - Initiated by InitialRefreshV2(ForceSynchronousImport)
	Summary:
		Imports: total=147 (actual=147, local cache=0, cache server=0)
		Asset DB Process Time: managed=17 ms, native=5384 ms
		Asset DB Callback time: managed=210 ms, native=1879 ms
		Scripting: domain reloads=1, domain reload time=1550 ms, compile time=12438 ms, other=30 ms
		Project Asset Count: scripts=79, non-scripts=68
		Asset File Changes: new=400, changed=400, moved=0, deleted=0
		Scan Filter Count: 0
	InvokeCustomDependenciesCallbacks: 0.003ms
	InvokePackagesCallback: 597.269ms
	ApplyChangesToAssetFolders: 0.660ms
	Scan: 1068.809ms
	OnSourceAssetsModified: 8.000ms
	CategorizeAssetsWithTransientArtifact: 1.867ms
	ProcessAssetsWithTransientArtifactChanges: 7.453ms
	CategorizeAssets: 1.578ms
	ImportOutOfDateAssets: 4151.644ms (-11716.655ms without children)
		ImportManagerImport: 3428.796ms (27.036ms without children)
			ImportInProcess: 3401.220ms
			UpdateCategorizedAssets: 0.540ms
		CompileScripts: 12438.499ms
		ReloadNativeAssets: 0.002ms
		UnloadImportedAssets: 0.531ms
		ReloadImportedAssets: 0.025ms
		EnsureUptoDateAssetsAreRegisteredWithGuidPM: 0.048ms
		InitializingProgressBar: 0.009ms
		PostProcessAllAssetNotificationsAddChangedAssets: 0.001ms
		OnDemandSchedulerStart: 0.388ms
	PostProcessAllAssets: 1514.909ms
	Hotreload: 0.938ms
	GatherAllCurrentPrimaryArtifactRevisions: 0.014ms
	UnloadStreamsBegin: 1.806ms
	PersistCurrentRevisions: 0.229ms
	UnloadStreamsEnd: 0.002ms
	GenerateScriptTypeHashes: 0.172ms
	Untracked: 14156.909ms

Application.AssetDatabase Initial Refresh End
Scanning for USB devices : 7.463ms
Initializing Unity extensions:
[MODES] ModeService[none].Initialize
[MODES] ModeService[none].LoadModes
[MODES] Loading mode Default (0) for mode-current-id-The Black Breath
Unloading 3 Unused Serialized files (Serialized files now loaded: 0)
Unloading 268 unused Assets / (0.7 MB). Loaded Objects now: 913.
Memory consumption went from 95.8 MB to 95.1 MB.
Total: 7.384100 ms (FindLiveObjects: 0.101000 ms CreateObjectMapping: 0.018700 ms MarkObjects: 6.726000 ms  DeleteObjects: 0.536900 ms)

Unloading 0 Unused Serialized files (Serialized files now loaded: 0)
Unloading 0 unused Assets / (0 B). Loaded Objects now: 913.
Memory consumption went from 94.9 MB to 94.9 MB.
Total: 6.123800 ms (FindLiveObjects: 0.075900 ms CreateObjectMapping: 0.010400 ms MarkObjects: 6.030100 ms  DeleteObjects: 0.005700 ms)

Start importing Assets/ES-CampañaPrueba.unity using Guid(4a6eb6e8050ed7e4a87268f94cf4abe7) (DefaultImporter) -> (artifact id: '9c54bf670fd394a1d9a3996ed4d7d8aa') in 0.0012547 seconds
Refreshing native plugins compatible for Editor in 0.00 ms, found 0 plugins.
Preloading 0 native plugins for Editor in 0.00 ms.
Asset Pipeline Refresh (id=1c219fdc4824e244f9ca9202fc8cb0aa): Total: 0.027 seconds - Initiated by StopAssetImportingV2(NoUpdateAssetOptions)
[MapDecorator] Este GameObject deberáa estar en escala (1,1,1) para no heredar escalas raras.
OK Shader BosqueArdienteSuelo
OK Shader BosqueArdienteAmbiente
OK Shader BosqueArdienteLlamas
OK Ambiente creado
OK RNG de juego intacto al preparar
OK Suelo mejorado conservado
OK Solo cambia el material: emisores, humo, posiciones y LOD intactos
OK Materiales fuente sin modificar
OK Mascara refinada activa
OK Color y emision HDR originales: Llama 1
OK Propiedad original _Glossiness
OK Propiedad original _Metallic
OK Propiedad original _SrcBlend
OK Propiedad original _DstBlend
OK Propiedad original _ZWrite
OK Emision original habilitada
OK Mascara refinada activa
OK Color y emision HDR originales: Llama
OK Propiedad original _Glossiness
OK Propiedad original _Metallic
OK Propiedad original _SrcBlend
OK Propiedad original _DstBlend
OK Propiedad original _ZWrite
OK Emision original habilitada
OK Mascara refinada activa
OK Color y emision HDR originales: Llama
OK Propiedad original _Glossiness
OK Propiedad original _Metallic
OK Propiedad original _SrcBlend
OK Propiedad original _DstBlend
OK Propiedad original _ZWrite
OK Emision original habilitada
OK Mascara refinada activa
OK Color y emision HDR originales: Llama
OK Propiedad original _Glossiness
OK Propiedad original _Metallic
OK Propiedad original _SrcBlend
OK Propiedad original _DstBlend
OK Propiedad original _ZWrite
OK Emision original habilitada
OK Mascara refinada activa
OK Color y emision HDR originales: Llama
OK Propiedad original _Glossiness
OK Propiedad original _Metallic
OK Propiedad original _SrcBlend
OK Propiedad original _DstBlend
OK Propiedad original _ZWrite
OK Emision original habilitada
OK Mascara refinada activa
OK Color y emision HDR originales: Llama
OK Propiedad original _Glossiness
OK Propiedad original _Metallic
OK Propiedad original _SrcBlend
OK Propiedad original _DstBlend
OK Propiedad original _ZWrite
OK Emision original habilitada
OK Mascara refinada activa
OK Color y emision HDR originales: Llama
OK Propiedad original _Glossiness
OK Propiedad original _Metallic
OK Propiedad original _SrcBlend
OK Propiedad original _DstBlend
OK Propiedad original _ZWrite
OK Emision original habilitada
OK Mascara refinada activa
OK Color y emision HDR originales: Llama 1
OK Propiedad original _Glossiness
OK Propiedad original _Metallic
OK Propiedad original _SrcBlend
OK Propiedad original _DstBlend
OK Propiedad original _ZWrite
OK Emision original habilitada
OK Mascara refinada activa
OK Color y emision HDR originales: Llama 1
OK Propiedad original _Glossiness
OK Propiedad original _Metallic
OK Propiedad original _SrcBlend
OK Propiedad original _DstBlend
OK Propiedad original _ZWrite
OK Emision original habilitada
OK Mascara refinada activa
OK Color y emision HDR originales: Llama
OK Propiedad original _Glossiness
OK Propiedad original _Metallic
OK Propiedad original _SrcBlend
OK Propiedad original _DstBlend
OK Propiedad original _ZWrite
OK Emision original habilitada
OK Mascara refinada activa
OK Color y emision HDR originales: Llama 1
OK Propiedad original _Glossiness
OK Propiedad original _Metallic
OK Propiedad original _SrcBlend
OK Propiedad original _DstBlend
OK Propiedad original _ZWrite
OK Emision original habilitada
OK Mascara refinada activa
OK Color y emision HDR originales: Llama
OK Propiedad original _Glossiness
OK Propiedad original _Metallic
OK Propiedad original _SrcBlend
OK Propiedad original _DstBlend
OK Propiedad original _ZWrite
OK Emision original habilitada
OK Mascara refinada activa
OK Color y emision HDR originales: Llama
OK Propiedad original _Glossiness
OK Propiedad original _Metallic
OK Propiedad original _SrcBlend
OK Propiedad original _DstBlend
OK Propiedad original _ZWrite
OK Emision original habilitada
OK Mascara refinada activa
OK Color y emision HDR originales: Llama
OK Propiedad original _Glossiness
OK Propiedad original _Metallic
OK Propiedad original _SrcBlend
OK Propiedad original _DstBlend
OK Propiedad original _ZWrite
OK Emision original habilitada
OK Mascara refinada activa
OK Color y emision HDR originales: Llama
OK Propiedad original _Glossiness
OK Propiedad original _Metallic
OK Propiedad original _SrcBlend
OK Propiedad original _DstBlend
OK Propiedad original _ZWrite
OK Emision original habilitada
OK Mascara refinada activa
OK Color y emision HDR originales: Llama
OK Propiedad original _Glossiness
OK Propiedad original _Metallic
OK Propiedad original _SrcBlend
OK Propiedad original _DstBlend
OK Propiedad original _ZWrite
OK Emision original habilitada
OK Mascara refinada activa
OK Color y emision HDR originales: Llama
OK Propiedad original _Glossiness
OK Propiedad original _Metallic
OK Propiedad original _SrcBlend
OK Propiedad original _DstBlend
OK Propiedad original _ZWrite
OK Emision original habilitada
OK Mascara refinada activa
OK Color y emision HDR originales: Llama
OK Propiedad original _Glossiness
OK Propiedad original _Metallic
OK Propiedad original _SrcBlend
OK Propiedad original _DstBlend
OK Propiedad original _ZWrite
OK Emision original habilitada
OK Mascara refinada activa
OK Color y emision HDR originales: Llama
OK Propiedad original _Glossiness
OK Propiedad original _Metallic
OK Propiedad original _SrcBlend
OK Propiedad original _DstBlend
OK Propiedad original _ZWrite
OK Emision original habilitada
OK Mascara refinada activa
OK Color y emision HDR originales: Llama
OK Propiedad original _Glossiness
OK Propiedad original _Metallic
OK Propiedad original _SrcBlend
OK Propiedad original _DstBlend
OK Propiedad original _ZWrite
OK Emision original habilitada
OK Mascara refinada activa
OK Color y emision HDR originales: Llama 1
OK Propiedad original _Glossiness
OK Propiedad original _Metallic
OK Propiedad original _SrcBlend
OK Propiedad original _DstBlend
OK Propiedad original _ZWrite
OK Emision original habilitada
OK Mascara refinada activa
OK Color y emision HDR originales: Llama
OK Propiedad original _Glossiness
OK Propiedad original _Metallic
OK Propiedad original _SrcBlend
OK Propiedad original _DstBlend
OK Propiedad original _ZWrite
OK Emision original habilitada
OK Mascara refinada activa
OK Color y emision HDR originales: Llama 1
OK Propiedad original _Glossiness
OK Propiedad original _Metallic
OK Propiedad original _SrcBlend
OK Propiedad original _DstBlend
OK Propiedad original _ZWrite
OK Emision original habilitada
OK Mascara refinada activa
OK Color y emision HDR originales: Llama
OK Propiedad original _Glossiness
OK Propiedad original _Metallic
OK Propiedad original _SrcBlend
OK Propiedad original _DstBlend
OK Propiedad original _ZWrite
OK Emision original habilitada
OK Mascara refinada activa
OK Color y emision HDR originales: Llama
OK Propiedad original _Glossiness
OK Propiedad original _Metallic
OK Propiedad original _SrcBlend
OK Propiedad original _DstBlend
OK Propiedad original _ZWrite
OK Emision original habilitada
OK Mascara refinada activa
OK Color y emision HDR originales: Llama 1
OK Propiedad original _Glossiness
OK Propiedad original _Metallic
OK Propiedad original _SrcBlend
OK Propiedad original _DstBlend
OK Propiedad original _ZWrite
OK Emision original habilitada
OK Mascara refinada activa
OK Color y emision HDR originales: Llama
OK Propiedad original _Glossiness
OK Propiedad original _Metallic
OK Propiedad original _SrcBlend
OK Propiedad original _DstBlend
OK Propiedad original _ZWrite
OK Emision original habilitada
OK Mascara refinada activa
OK Color y emision HDR originales: Llama
OK Propiedad original _Glossiness
OK Propiedad original _Metallic
OK Propiedad original _SrcBlend
OK Propiedad original _DstBlend
OK Propiedad original _ZWrite
OK Emision original habilitada
OK Mascara refinada activa
OK Color y emision HDR originales: Llama 1
OK Propiedad original _Glossiness
OK Propiedad original _Metallic
OK Propiedad original _SrcBlend
OK Propiedad original _DstBlend
OK Propiedad original _ZWrite
OK Emision original habilitada
OK Mascara refinada activa
OK Color y emision HDR originales: Llama
OK Propiedad original _Glossiness
OK Propiedad original _Metallic
OK Propiedad original _SrcBlend
OK Propiedad original _DstBlend
OK Propiedad original _ZWrite
OK Emision original habilitada
OK Mascara refinada activa
OK Color y emision HDR originales: Llama
OK Propiedad original _Glossiness
OK Propiedad original _Metallic
OK Propiedad original _SrcBlend
OK Propiedad original _DstBlend
OK Propiedad original _ZWrite
OK Emision original habilitada
OK Mascara refinada activa
OK Color y emision HDR originales: Llama
OK Propiedad original _Glossiness
OK Propiedad original _Metallic
OK Propiedad original _SrcBlend
OK Propiedad original _DstBlend
OK Propiedad original _ZWrite
OK Emision original habilitada
OK Mascara refinada activa
OK Color y emision HDR originales: Llama
OK Propiedad original _Glossiness
OK Propiedad original _Metallic
OK Propiedad original _SrcBlend
OK Propiedad original _DstBlend
OK Propiedad original _ZWrite
OK Emision original habilitada
OK Mascara refinada activa
OK Color y emision HDR originales: Llama
OK Propiedad original _Glossiness
OK Propiedad original _Metallic
OK Propiedad original _SrcBlend
OK Propiedad original _DstBlend
OK Propiedad original _ZWrite
OK Emision original habilitada
OK Mascara refinada activa
OK Color y emision HDR originales: Llama
OK Propiedad original _Glossiness
OK Propiedad original _Metallic
OK Propiedad original _SrcBlend
OK Propiedad original _DstBlend
OK Propiedad original _ZWrite
OK Emision original habilitada
OK Mascara refinada activa
OK Color y emision HDR originales: Llama
OK Propiedad original _Glossiness
OK Propiedad original _Metallic
OK Propiedad original _SrcBlend
OK Propiedad original _DstBlend
OK Propiedad original _ZWrite
OK Emision original habilitada
OK Mascara refinada activa
OK Color y emision HDR originales: Llama
OK Propiedad original _Glossiness
OK Propiedad original _Metallic
OK Propiedad original _SrcBlend
OK Propiedad original _DstBlend
OK Propiedad original _ZWrite
OK Emision original habilitada
OK Mascara refinada activa
OK Color y emision HDR originales: Llama 1
OK Propiedad original _Glossiness
OK Propiedad original _Metallic
OK Propiedad original _SrcBlend
OK Propiedad original _DstBlend
OK Propiedad original _ZWrite
OK Emision original habilitada
OK Mascara refinada activa
OK Color y emision HDR originales: Llama
OK Propiedad original _Glossiness
OK Propiedad original _Metallic
OK Propiedad original _SrcBlend
OK Propiedad original _DstBlend
OK Propiedad original _ZWrite
OK Emision original habilitada
OK Mascara refinada activa
OK Color y emision HDR originales: Llama
OK Propiedad original _Glossiness
OK Propiedad original _Metallic
OK Propiedad original _SrcBlend
OK Propiedad original _DstBlend
OK Propiedad original _ZWrite
OK Emision original habilitada
OK Mascara refinada activa
OK Color y emision HDR originales: Llama
OK Propiedad original _Glossiness
OK Propiedad original _Metallic
OK Propiedad original _SrcBlend
OK Propiedad original _DstBlend
OK Propiedad original _ZWrite
OK Emision original habilitada
OK Mascara refinada activa
OK Color y emision HDR originales: Llama
OK Propiedad original _Glossiness
OK Propiedad original _Metallic
OK Propiedad original _SrcBlend
OK Propiedad original _DstBlend
OK Propiedad original _ZWrite
OK Emision original habilitada
OK Mascara refinada activa
OK Color y emision HDR originales: Llama
OK Propiedad original _Glossiness
OK Propiedad original _Metallic
OK Propiedad original _SrcBlend
OK Propiedad original _DstBlend
OK Propiedad original _ZWrite
OK Emision original habilitada
OK Mascara refinada activa
OK Color y emision HDR originales: Llama
OK Propiedad original _Glossiness
OK Propiedad original _Metallic
OK Propiedad original _SrcBlend
OK Propiedad original _DstBlend
OK Propiedad original _ZWrite
OK Emision original habilitada
OK Mascara refinada activa
OK Color y emision HDR originales: Llama
OK Propiedad original _Glossiness
OK Propiedad original _Metallic
OK Propiedad original _SrcBlend
OK Propiedad original _DstBlend
OK Propiedad original _ZWrite
OK Emision original habilitada
OK Mascara refinada activa
OK Color y emision HDR originales: Llama
OK Propiedad original _Glossiness
OK Propiedad original _Metallic
OK Propiedad original _SrcBlend
OK Propiedad original _DstBlend
OK Propiedad original _ZWrite
OK Emision original habilitada
OK Mascara refinada activa
OK Color y emision HDR originales: Llama
OK Propiedad original _Glossiness
OK Propiedad original _Metallic
OK Propiedad original _SrcBlend
OK Propiedad original _DstBlend
OK Propiedad original _ZWrite
OK Emision original habilitada
OK Mascara refinada activa
OK Color y emision HDR originales: Llama
OK Propiedad original _Glossiness
OK Propiedad original _Metallic
OK Propiedad original _SrcBlend
OK Propiedad original _DstBlend
OK Propiedad original _ZWrite
OK Emision original habilitada
OK Mascara refinada activa
OK Color y emision HDR originales: Llama
OK Propiedad original _Glossiness
OK Propiedad original _Metallic
OK Propiedad original _SrcBlend
OK Propiedad original _DstBlend
OK Propiedad original _ZWrite
OK Emision original habilitada
OK Mascara refinada activa
OK Color y emision HDR originales: Llama
OK Propiedad original _Glossiness
OK Propiedad original _Metallic
OK Propiedad original _SrcBlend
OK Propiedad original _DstBlend
OK Propiedad original _ZWrite
OK Emision original habilitada
OK Mascara refinada activa
OK Color y emision HDR originales: LlamaEspectral
OK Propiedad original _Glossiness
OK Propiedad original _Metallic
OK Propiedad original _SrcBlend
OK Propiedad original _DstBlend
OK Propiedad original _ZWrite
OK Emision original habilitada
OK Mascara refinada activa
OK Color y emision HDR originales: Llama
OK Propiedad original _Glossiness
OK Propiedad original _Metallic
OK Propiedad original _SrcBlend
OK Propiedad original _DstBlend
OK Propiedad original _ZWrite
OK Emision original habilitada
OK Mascara refinada activa
OK Color y emision HDR originales: Llama
OK Propiedad original _Glossiness
OK Propiedad original _Metallic
OK Propiedad original _SrcBlend
OK Propiedad original _DstBlend
OK Propiedad original _ZWrite
OK Emision original habilitada
OK Mascara refinada activa
OK Color y emision HDR originales: Llama
OK Propiedad original _Glossiness
OK Propiedad original _Metallic
OK Propiedad original _SrcBlend
OK Propiedad original _DstBlend
OK Propiedad original _ZWrite
OK Emision original habilitada
OK Mascara refinada activa
OK Color y emision HDR originales: Llama
OK Propiedad original _Glossiness
OK Propiedad original _Metallic
OK Propiedad original _SrcBlend
OK Propiedad original _DstBlend
OK Propiedad original _ZWrite
OK Emision original habilitada
OK Mascara refinada activa
OK Color y emision HDR originales: Llama
OK Propiedad original _Glossiness
OK Propiedad original _Metallic
OK Propiedad original _SrcBlend
OK Propiedad original _DstBlend
OK Propiedad original _ZWrite
OK Emision original habilitada
OK Mascara refinada activa
OK Color y emision HDR originales: Llama
OK Propiedad original _Glossiness
OK Propiedad original _Metallic
OK Propiedad original _SrcBlend
OK Propiedad original _DstBlend
OK Propiedad original _ZWrite
OK Emision original habilitada
OK Mascara refinada activa
OK Color y emision HDR originales: Llama
OK Propiedad original _Glossiness
OK Propiedad original _Metallic
OK Propiedad original _SrcBlend
OK Propiedad original _DstBlend
OK Propiedad original _ZWrite
OK Emision original habilitada
OK Mascara refinada activa
OK Color y emision HDR originales: Llama
OK Propiedad original _Glossiness
OK Propiedad original _Metallic
OK Propiedad original _SrcBlend
OK Propiedad original _DstBlend
OK Propiedad original _ZWrite
OK Emision original habilitada
OK Mascara refinada activa
OK Color y emision HDR originales: Llama
OK Propiedad original _Glossiness
OK Propiedad original _Metallic
OK Propiedad original _SrcBlend
OK Propiedad original _DstBlend
OK Propiedad original _ZWrite
OK Emision original habilitada
OK Mascara refinada activa
OK Color y emision HDR originales: Llama
OK Propiedad original _Glossiness
OK Propiedad original _Metallic
OK Propiedad original _SrcBlend
OK Propiedad original _DstBlend
OK Propiedad original _ZWrite
OK Emision original habilitada
OK Mascara refinada activa
OK Color y emision HDR originales: Llama
OK Propiedad original _Glossiness
OK Propiedad original _Metallic
OK Propiedad original _SrcBlend
OK Propiedad original _DstBlend
OK Propiedad original _ZWrite
OK Emision original habilitada
OK Mascara refinada activa
OK Color y emision HDR originales: Llama
OK Propiedad original _Glossiness
OK Propiedad original _Metallic
OK Propiedad original _SrcBlend
OK Propiedad original _DstBlend
OK Propiedad original _ZWrite
OK Emision original habilitada
OK Mascara refinada activa
OK Color y emision HDR originales: Llama
OK Propiedad original _Glossiness
OK Propiedad original _Metallic
OK Propiedad original _SrcBlend
OK Propiedad original _DstBlend
OK Propiedad original _ZWrite
OK Emision original habilitada
OK Mascara refinada activa
OK Color y emision HDR originales: Llama
OK Propiedad original _Glossiness
OK Propiedad original _Metallic
OK Propiedad original _SrcBlend
OK Propiedad original _DstBlend
OK Propiedad original _ZWrite
OK Emision original habilitada
OK Mascara refinada activa
OK Color y emision HDR originales: Llama
OK Propiedad original _Glossiness
OK Propiedad original _Metallic
OK Propiedad original _SrcBlend
OK Propiedad original _DstBlend
OK Propiedad original _ZWrite
OK Emision original habilitada
OK Mascara refinada activa
OK Color y emision HDR originales: LlamaEspectral
OK Propiedad original _Glossiness
OK Propiedad original _Metallic
OK Propiedad original _SrcBlend
OK Propiedad original _DstBlend
OK Propiedad original _ZWrite
OK Emision original habilitada
OK Mascara refinada activa
OK Color y emision HDR originales: Llama
OK Propiedad original _Glossiness
OK Propiedad original _Metallic
OK Propiedad original _SrcBlend
OK Propiedad original _DstBlend
OK Propiedad original _ZWrite
OK Emision original habilitada
OK Mascara refinada activa
OK Color y emision HDR originales: Llama
OK Propiedad original _Glossiness
OK Propiedad original _Metallic
OK Propiedad original _SrcBlend
OK Propiedad original _DstBlend
OK Propiedad original _ZWrite
OK Emision original habilitada
OK Mascara refinada activa
OK Color y emision HDR originales: Llama
OK Propiedad original _Glossiness
OK Propiedad original _Metallic
OK Propiedad original _SrcBlend
OK Propiedad original _DstBlend
OK Propiedad original _ZWrite
OK Emision original habilitada
OK Mascara refinada activa
OK Color y emision HDR originales: Llama 1
OK Propiedad original _Glossiness
OK Propiedad original _Metallic
OK Propiedad original _SrcBlend
OK Propiedad original _DstBlend
OK Propiedad original _ZWrite
OK Emision original habilitada
OK Mascara refinada activa
OK Color y emision HDR originales: Llama 1
OK Propiedad original _Glossiness
OK Propiedad original _Metallic
OK Propiedad original _SrcBlend
OK Propiedad original _DstBlend
OK Propiedad original _ZWrite
OK Emision original habilitada
OK Mascara refinada activa
OK Color y emision HDR originales: Llama
OK Propiedad original _Glossiness
OK Propiedad original _Metallic
OK Propiedad original _SrcBlend
OK Propiedad original _DstBlend
OK Propiedad original _ZWrite
OK Emision original habilitada
OK Mascara refinada activa
OK Color y emision HDR originales: Llama
OK Propiedad original _Glossiness
OK Propiedad original _Metallic
OK Propiedad original _SrcBlend
OK Propiedad original _DstBlend
OK Propiedad original _ZWrite
OK Emision original habilitada
OK Mascara refinada activa
OK Color y emision HDR originales: Llama
OK Propiedad original _Glossiness
OK Propiedad original _Metallic
OK Propiedad original _SrcBlend
OK Propiedad original _DstBlend
OK Propiedad original _ZWrite
OK Emision original habilitada
OK Mascara refinada activa
OK Color y emision HDR originales: Llama
OK Propiedad original _Glossiness
OK Propiedad original _Metallic
OK Propiedad original _SrcBlend
OK Propiedad original _DstBlend
OK Propiedad original _ZWrite
OK Emision original habilitada
OK Mascara refinada activa
OK Color y emision HDR originales: Llama
OK Propiedad original _Glossiness
OK Propiedad original _Metallic
OK Propiedad original _SrcBlend
OK Propiedad original _DstBlend
OK Propiedad original _ZWrite
OK Emision original habilitada
OK Mascara refinada activa
OK Color y emision HDR originales: Llama
OK Propiedad original _Glossiness
OK Propiedad original _Metallic
OK Propiedad original _SrcBlend
OK Propiedad original _DstBlend
OK Propiedad original _ZWrite
OK Emision original habilitada
OK Mascara refinada activa
OK Color y emision HDR originales: Llama 1
OK Propiedad original _Glossiness
OK Propiedad original _Metallic
OK Propiedad original _SrcBlend
OK Propiedad original _DstBlend
OK Propiedad original _ZWrite
OK Emision original habilitada
OK Mascara refinada activa
OK Color y emision HDR originales: Llama
OK Propiedad original _Glossiness
OK Propiedad original _Metallic
OK Propiedad original _SrcBlend
OK Propiedad original _DstBlend
OK Propiedad original _ZWrite
OK Emision original habilitada
OK Mascara refinada activa
OK Color y emision HDR originales: Llama
OK Propiedad original _Glossiness
OK Propiedad original _Metallic
OK Propiedad original _SrcBlend
OK Propiedad original _DstBlend
OK Propiedad original _ZWrite
OK Emision original habilitada
OK Mascara refinada activa
OK Color y emision HDR originales: Llama
OK Propiedad original _Glossiness
OK Propiedad original _Metallic
OK Propiedad original _SrcBlend
OK Propiedad original _DstBlend
OK Propiedad original _ZWrite
OK Emision original habilitada
OK Mascara refinada activa
OK Color y emision HDR originales: Llama
OK Propiedad original _Glossiness
OK Propiedad original _Metallic
OK Propiedad original _SrcBlend
OK Propiedad original _DstBlend
OK Propiedad original _ZWrite
OK Emision original habilitada
OK Mascara refinada activa
OK Color y emision HDR originales: Llama 1
OK Propiedad original _Glossiness
OK Propiedad original _Metallic
OK Propiedad original _SrcBlend
OK Propiedad original _DstBlend
OK Propiedad original _ZWrite
OK Emision original habilitada
OK Mascara refinada activa
OK Color y emision HDR originales: Llama
OK Propiedad original _Glossiness
OK Propiedad original _Metallic
OK Propiedad original _SrcBlend
OK Propiedad original _DstBlend
OK Propiedad original _ZWrite
OK Emision original habilitada
OK Mascara refinada activa
OK Color y emision HDR originales: Llama
OK Propiedad original _Glossiness
OK Propiedad original _Metallic
OK Propiedad original _SrcBlend
OK Propiedad original _DstBlend
OK Propiedad original _ZWrite
OK Emision original habilitada
OK Mascara refinada activa
OK Color y emision HDR originales: Llama 1
OK Propiedad original _Glossiness
OK Propiedad original _Metallic
OK Propiedad original _SrcBlend
OK Propiedad original _DstBlend
OK Propiedad original _ZWrite
OK Emision original habilitada
OK Mascara refinada activa
OK Color y emision HDR originales: Llama
OK Propiedad original _Glossiness
OK Propiedad original _Metallic
OK Propiedad original _SrcBlend
OK Propiedad original _DstBlend
OK Propiedad original _ZWrite
OK Emision original habilitada
OK Mascara refinada activa
OK Color y emision HDR originales: Llama
OK Propiedad original _Glossiness
OK Propiedad original _Metallic
OK Propiedad original _SrcBlend
OK Propiedad original _DstBlend
OK Propiedad original _ZWrite
OK Emision original habilitada
OK Mascara refinada activa
OK Color y emision HDR originales: Llama
OK Propiedad original _Glossiness
OK Propiedad original _Metallic
OK Propiedad original _SrcBlend
OK Propiedad original _DstBlend
OK Propiedad original _ZWrite
OK Emision original habilitada
OK Mascara refinada activa
OK Color y emision HDR originales: Llama
OK Propiedad original _Glossiness
OK Propiedad original _Metallic
OK Propiedad original _SrcBlend
OK Propiedad original _DstBlend
OK Propiedad original _ZWrite
OK Emision original habilitada
OK Mascara refinada activa
OK Color y emision HDR originales: Llama
OK Propiedad original _Glossiness
OK Propiedad original _Metallic
OK Propiedad original _SrcBlend
OK Propiedad original _DstBlend
OK Propiedad original _ZWrite
OK Emision original habilitada
OK Mascara refinada activa
OK Color y emision HDR originales: LlamaEspectral
OK Propiedad original _Glossiness
OK Propiedad original _Metallic
OK Propiedad original _SrcBlend
OK Propiedad original _DstBlend
OK Propiedad original _ZWrite
OK Emision original habilitada
OK Mascara refinada activa
OK Color y emision HDR originales: Llama
OK Propiedad original _Glossiness
OK Propiedad original _Metallic
OK Propiedad original _SrcBlend
OK Propiedad original _DstBlend
OK Propiedad original _ZWrite
OK Emision original habilitada
OK Mascara refinada activa
OK Color y emision HDR originales: Llama
OK Propiedad original _Glossiness
OK Propiedad original _Metallic
OK Propiedad original _SrcBlend
OK Propiedad original _DstBlend
OK Propiedad original _ZWrite
OK Emision original habilitada
OK Mascara refinada activa
OK Color y emision HDR originales: Llama
OK Propiedad original _Glossiness
OK Propiedad original _Metallic
OK Propiedad original _SrcBlend
OK Propiedad original _DstBlend
OK Propiedad original _ZWrite
OK Emision original habilitada
OK Mascara refinada activa
OK Color y emision HDR originales: Llama 1
OK Propiedad original _Glossiness
OK Propiedad original _Metallic
OK Propiedad original _SrcBlend
OK Propiedad original _DstBlend
OK Propiedad original _ZWrite
OK Emision original habilitada
OK Mascara refinada activa
OK Color y emision HDR originales: Llama 1
OK Propiedad original _Glossiness
OK Propiedad original _Metallic
OK Propiedad original _SrcBlend
OK Propiedad original _DstBlend
OK Propiedad original _ZWrite
OK Emision original habilitada
OK Mascara refinada activa
OK Color y emision HDR originales: Llama
OK Propiedad original _Glossiness
OK Propiedad original _Metallic
OK Propiedad original _SrcBlend
OK Propiedad original _DstBlend
OK Propiedad original _ZWrite
OK Emision original habilitada
OK Mascara refinada activa
OK Color y emision HDR originales: Llama
OK Propiedad original _Glossiness
OK Propiedad original _Metallic
OK Propiedad original _SrcBlend
OK Propiedad original _DstBlend
OK Propiedad original _ZWrite
OK Emision original habilitada
OK Mascara refinada activa
OK Color y emision HDR originales: Llama
OK Propiedad original _Glossiness
OK Propiedad original _Metallic
OK Propiedad original _SrcBlend
OK Propiedad original _DstBlend
OK Propiedad original _ZWrite
OK Emision original habilitada
OK Mascara refinada activa
OK Color y emision HDR originales: Llama
OK Propiedad original _Glossiness
OK Propiedad original _Metallic
OK Propiedad original _SrcBlend
OK Propiedad original _DstBlend
OK Propiedad original _ZWrite
OK Emision original habilitada
OK Mascara refinada activa
OK Color y emision HDR originales: Llama
OK Propiedad original _Glossiness
OK Propiedad original _Metallic
OK Propiedad original _SrcBlend
OK Propiedad original _DstBlend
OK Propiedad original _ZWrite
OK Emision original habilitada
OK Mascara refinada activa
OK Color y emision HDR originales: LlamaEspectral
OK Propiedad original _Glossiness
OK Propiedad original _Metallic
OK Propiedad original _SrcBlend
OK Propiedad original _DstBlend
OK Propiedad original _ZWrite
OK Emision original habilitada
OK Mascara refinada activa
OK Color y emision HDR originales: Llama
OK Propiedad original _Glossiness
OK Propiedad original _Metallic
OK Propiedad original _SrcBlend
OK Propiedad original _DstBlend
OK Propiedad original _ZWrite
OK Emision original habilitada
OK Mascara refinada activa
OK Color y emision HDR originales: Llama
OK Propiedad original _Glossiness
OK Propiedad original _Metallic
OK Propiedad original _SrcBlend
OK Propiedad original _DstBlend
OK Propiedad original _ZWrite
OK Emision original habilitada
OK Mascara refinada activa
OK Color y emision HDR originales: Llama
OK Propiedad original _Glossiness
OK Propiedad original _Metallic
OK Propiedad original _SrcBlend
OK Propiedad original _DstBlend
OK Propiedad original _ZWrite
OK Emision original habilitada
OK Mascara refinada activa
OK Color y emision HDR originales: Llama
OK Propiedad original _Glossiness
OK Propiedad original _Metallic
OK Propiedad original _SrcBlend
OK Propiedad original _DstBlend
OK Propiedad original _ZWrite
OK Emision original habilitada
OK Mascara refinada activa
OK Color y emision HDR originales: Llama 1
OK Propiedad original _Glossiness
OK Propiedad original _Metallic
OK Propiedad original _SrcBlend
OK Propiedad original _DstBlend
OK Propiedad original _ZWrite
OK Emision original habilitada
OK Mascara refinada activa
OK Color y emision HDR originales: Llama
OK Propiedad original _Glossiness
OK Propiedad original _Metallic
OK Propiedad original _SrcBlend
OK Propiedad original _DstBlend
OK Propiedad original _ZWrite
OK Emision original habilitada
OK Mascara refinada activa
OK Color y emision HDR originales: Llama
OK Propiedad original _Glossiness
OK Propiedad original _Metallic
OK Propiedad original _SrcBlend
OK Propiedad original _DstBlend
OK Propiedad original _ZWrite
OK Emision original habilitada
OK Mascara refinada activa
OK Color y emision HDR originales: Llama
OK Propiedad original _Glossiness
OK Propiedad original _Metallic
OK Propiedad original _SrcBlend
OK Propiedad original _DstBlend
OK Propiedad original _ZWrite
OK Emision original habilitada
OK Mascara refinada activa
OK Color y emision HDR originales: Llama
OK Propiedad original _Glossiness
OK Propiedad original _Metallic
OK Propiedad original _SrcBlend
OK Propiedad original _DstBlend
OK Propiedad original _ZWrite
OK Emision original habilitada
OK Mascara refinada activa
OK Color y emision HDR originales: Llama
OK Propiedad original _Glossiness
OK Propiedad original _Metallic
OK Propiedad original _SrcBlend
OK Propiedad original _DstBlend
OK Propiedad original _ZWrite
OK Emision original habilitada
OK Mascara refinada activa
OK Color y emision HDR originales: Llama 1
OK Propiedad original _Glossiness
OK Propiedad original _Metallic
OK Propiedad original _SrcBlend
OK Propiedad original _DstBlend
OK Propiedad original _ZWrite
OK Emision original habilitada
OK Mascara refinada activa
OK Color y emision HDR originales: Llama
OK Propiedad original _Glossiness
OK Propiedad original _Metallic
OK Propiedad original _SrcBlend
OK Propiedad original _DstBlend
OK Propiedad original _ZWrite
OK Emision original habilitada
OK Mascara refinada activa
OK Color y emision HDR originales: Llama
OK Propiedad original _Glossiness
OK Propiedad original _Metallic
OK Propiedad original _SrcBlend
OK Propiedad original _DstBlend
OK Propiedad original _ZWrite
OK Emision original habilitada
OK Mascara refinada activa
OK Color y emision HDR originales: Llama
OK Propiedad original _Glossiness
OK Propiedad original _Metallic
OK Propiedad original _SrcBlend
OK Propiedad original _DstBlend
OK Propiedad original _ZWrite
OK Emision original habilitada
OK Mascara refinada activa
OK Color y emision HDR originales: Llama
OK Propiedad original _Glossiness
OK Propiedad original _Metallic
OK Propiedad original _SrcBlend
OK Propiedad original _DstBlend
OK Propiedad original _ZWrite
OK Emision original habilitada
OK Mascara refinada activa
OK Color y emision HDR originales: Llama
OK Propiedad original _Glossiness
OK Propiedad original _Metallic
OK Propiedad original _SrcBlend
OK Propiedad original _DstBlend
OK Propiedad original _ZWrite
OK Emision original habilitada
OK Mascara refinada activa
OK Color y emision HDR originales: Llama
OK Propiedad original _Glossiness
OK Propiedad original _Metallic
OK Propiedad original _SrcBlend
OK Propiedad original _DstBlend
OK Propiedad original _ZWrite
OK Emision original habilitada
OK Mascara refinada activa
OK Color y emision HDR originales: Llama
OK Propiedad original _Glossiness
OK Propiedad original _Metallic
OK Propiedad original _SrcBlend
OK Propiedad original _DstBlend
OK Propiedad original _ZWrite
OK Emision original habilitada
OK Mascara refinada activa
OK Color y emision HDR originales: Llama
OK Propiedad original _Glossiness
OK Propiedad original _Metallic
OK Propiedad original _SrcBlend
OK Propiedad original _DstBlend
OK Propiedad original _ZWrite
OK Emision original habilitada
OK Mascara refinada activa
OK Color y emision HDR originales: Llama
OK Propiedad original _Glossiness
OK Propiedad original _Metallic
OK Propiedad original _SrcBlend
OK Propiedad original _DstBlend
OK Propiedad original _ZWrite
OK Emision original habilitada
OK Llamas refinadas: Decorador generado
OK Llamas refinadas: Bosque inicial
OK Sin incendios grandes del rework
OK Brasas, ceniza y humo ambiental conservados
OK Preparar dos veces no duplica
OK Reaplicar tampoco modifica emisores
OK RNG de juego intacto al animar
OK Posiciones originales intactas
OK Sombreado original conservado: error 0,000 % en 7624 pixeles de fuego
OK Reloj respeta dt cero
OK Ambiente limpio al salir de campaña
Assertion failed on expression: 'SUCCEEDED(hr)'
Assertion failed on expression: 'SUCCEEDED(hr)'
Batchmode quit successfully invoked - shutting down!
[Physics::Module] Cleanup current backend.
[Physics::Module] Id: 0xf2b8ea05
Input System module state changed to: ShutdownInProgress.
Input System polling thread exited.
Input System module state changed to: Shutdown.
[Licensing::IpcConnector] LicenseClient-Pablo-notifications channel disconnected successfully.
[Licensing::IpcConnector] LicenseClient-Pablo channel disconnected successfully.
AcceleratorClientConnectionCallback - disconnected - :0
Cleanup mono
Exiting batchmode successfully now!
Exiting without the bug reporter. Application will terminate with return code 0